CreditScore,Geography,Gender,Age,Tenure,Balance,NumOfProducts,HasCrCard,IsActiveMember,EstimatedSalary,Exited,Geography_enc,Gender_enc,Cluster,DBSCAN
502,France,Female,42,8,159660.8,3,1,0,113931.57,1,0,0,2,-1
376,Germany,Female,29,4,115046.74,4,1,0,119346.88,1,1,0,2,-1
501,France,Male,44,4,142051.07,2,0,1,74940.5,0,0,1,0,-1
587,Spain,Male,45,6,0.0,1,0,0,158684.81,0,2,1,1,-1
411,France,Male,29,0,59697.17,2,1,1,53483.21,0,0,1,1,-1
591,Spain,Female,39,3,0.0,3,1,0,140469.38,1,2,0,1,-1
725,Germany,Male,19,0,75888.2,1,0,0,45613.75,0,1,1,0,-1
511,Spain,Female,66,4,0.0,1,1,0,1643.11,1,2,0,1,-1
687,Germany,Female,27,9,152328.88,2,0,0,126494.82,0,1,0,2,-1
751,Germany,Female,36,6,169831.46,2,1,1,27758.36,0,1,0,3,-1
738,Germany,Male,58,2,133745.44,4,1,0,28373.86,1,1,1,2,-1
735,France,Female,21,1,178718.19,2,1,0,22388.0,0,0,0,2,-1
416,Germany,Female,41,10,122189.66,2,1,0,98301.61,0,1,0,2,-1
665,France,Female,34,1,96645.54,2,0,0,171413.66,0,0,0,1,-1
750,Spain,Male,22,3,121681.82,1,1,0,128643.35,1,2,1,2,-1
646,France,Female,46,4,0.0,3,1,0,93251.42,1,0,0,1,-1
647,Spain,Female,44,5,0.0,3,1,1,174205.22,1,2,0,1,-1
515,Spain,Male,35,10,176273.95,1,0,1,121277.78,0,2,1,0,-1
670,Spain,Female,65,1,0.0,1,1,1,177655.68,1,2,0,1,-1
828,France,Male,34,8,129433.34,2,0,0,38131.77,0,0,1,2,-1
549,France,Female,52,1,0.0,1,0,1,8636.05,1,0,0,1,-1
793,Spain,Male,52,2,0.0,1,1,0,159123.82,1,2,1,1,-1
485,Spain,Female,21,5,113157.22,1,1,1,54141.5,0,2,0,0,-1
416,France,Male,32,0,0.0,2,0,1,878.87,0,0,1,1,-1
706,Spain,Male,57,7,0.0,1,1,0,17941.16,1,2,1,1,-1
646,France,Female,73,6,97259.25,1,0,1,104719.66,0,0,0,0,-1
717,Spain,Female,22,6,101060.25,1,0,1,84699.56,0,2,0,0,-1
682,Germany,Male,24,9,57929.81,2,0,0,53134.3,0,1,1,1,-1
754,Germany,Female,55,3,161608.81,1,1,0,8080.85,1,1,0,3,-1
850,Spain,Female,45,2,122311.21,1,1,1,19482.5,0,2,0,0,-1
778,Germany,Female,45,1,162150.42,2,1,0,174531.27,0,1,0,3,-1
525,Spain,Female,37,0,0.0,1,0,1,131521.72,0,2,0,1,-1
807,France,Male,35,3,174790.15,1,1,1,600.36,0,0,1,3,-1
608,Spain,Female,41,3,89763.84,1,0,0,199304.74,1,2,0,0,-1
514,Spain,Male,30,7,0.0,1,0,1,125010.24,0,2,1,1,-1
850,France,Male,33,10,0.0,1,1,0,4861.72,1,0,1,1,-1
547,Germany,Female,39,6,74596.15,3,1,1,85746.52,1,1,0,1,-1
585,France,Female,67,5,113978.97,2,0,1,93146.11,0,0,0,0,-1
668,France,Female,46,2,0.0,3,1,0,89048.46,1,0,0,1,-1
772,Germany,Male,26,7,152400.51,2,1,0,79414.0,0,1,1,3,-1
771,Germany,Female,36,5,77846.9,1,0,0,99805.99,0,1,0,0,-1
681,France,Female,79,0,0.0,2,0,1,170968.99,0,0,0,1,-1
696,Spain,Male,28,8,0.0,1,0,0,176713.47,0,2,1,1,-1
671,Germany,Female,34,6,37266.67,2,0,0,156917.12,0,1,0,1,-1
557,France,Female,32,6,184686.41,2,1,0,14956.44,0,0,0,2,-1
549,Spain,Female,39,7,0.0,1,0,0,81259.25,1,2,0,1,-1
733,Germany,Male,34,3,100337.96,3,1,0,48559.19,1,1,1,2,-1
756,France,Male,62,3,0.0,1,1,1,11199.04,1,0,1,1,-1
799,France,Female,22,8,174185.98,2,0,1,192633.85,0,0,0,3,-1
747,Spain,Female,41,5,94521.17,2,1,0,194926.86,0,2,0,1,-1
687,Spain,Female,44,7,0.0,3,1,0,155853.52,1,2,0,1,-1
511,France,Male,58,0,149117.31,1,1,1,162599.51,0,0,1,0,-1
438,Germany,Male,31,8,78398.69,1,1,0,44937.01,0,1,1,0,-1
652,France,Female,80,4,0.0,2,1,1,188603.07,0,0,0,1,-1
805,Spain,Female,39,5,165272.13,1,1,0,14109.85,1,2,0,3,-1
613,France,Female,45,1,187841.99,2,1,1,147224.27,0,0,0,0,-1
850,Spain,Female,57,8,126776.3,2,1,1,132298.49,0,2,0,0,-1
443,Germany,Female,29,9,99027.61,2,1,0,10940.4,0,1,0,1,-1
640,Germany,Female,75,1,106307.91,2,0,1,113428.77,0,1,0,0,-1
745,Germany,Male,45,10,117231.63,3,1,1,122381.02,1,1,1,1,-1
687,Spain,Female,39,2,0.0,3,0,0,188150.6,1,2,0,1,-1
492,Germany,Female,30,10,77168.87,2,0,1,146700.22,0,1,0,1,-1
560,France,Female,66,9,0.0,1,1,1,15928.49,0,0,0,1,-1
544,France,Female,21,10,161525.96,2,1,0,9262.77,0,0,0,2,-1
752,Germany,Male,38,3,183102.29,1,1,1,71557.12,0,1,1,3,-1
557,France,Male,33,3,54503.55,1,1,1,371.05,0,0,1,0,-1
751,Spain,Male,52,8,0.0,2,0,1,179291.85,0,2,1,1,-1
443,Spain,Male,36,6,70438.01,2,0,1,56937.43,0,2,1,0,-1
693,Germany,Female,41,9,181461.48,3,1,1,187929.43,1,1,0,0,-1
487,Germany,Female,61,5,110368.03,1,0,0,11384.45,1,1,0,2,-1
568,Germany,Male,40,1,99282.63,1,0,0,134600.94,1,1,1,0,-1
516,France,Male,35,10,104088.59,2,0,0,119666.0,0,0,1,2,-1
800,France,Female,38,2,168190.33,2,1,0,68052.08,0,0,0,3,-1
778,Spain,Female,47,6,127299.34,2,1,0,124694.99,0,2,0,2,-1
850,France,Male,40,9,0.0,2,0,1,119232.33,0,0,1,1,-1
850,Spain,Female,32,9,0.0,2,1,1,18924.92,0,2,0,1,-1
816,Germany,Female,38,5,130878.75,3,1,0,71905.77,1,1,0,2,-1
788,Spain,Male,34,6,156478.62,1,0,1,181196.76,0,2,1,3,-1
798,France,Male,37,8,0.0,3,0,0,110783.28,0,0,1,1,-1
714,Germany,Female,55,9,180075.22,1,1,1,100127.71,0,1,0,0,-1
531,France,Female,47,6,0.0,1,0,0,194998.34,1,0,0,1,-1
673,France,Female,38,2,170061.92,2,0,0,134901.34,1,0,0,2,-1
570,France,Female,58,8,0.0,1,0,1,116503.92,1,0,0,1,-1
774,France,Male,60,5,85891.55,1,1,0,74135.48,1,0,1,0,-1
468,France,Female,56,10,0.0,3,0,1,62256.87,1,0,0,1,-1
850,France,Female,35,1,211774.31,1,1,0,188574.12,1,0,0,3,-1
519,Spain,Female,57,2,119035.35,2,1,1,29871.79,0,2,0,0,-1
543,Spain,Male,35,10,59408.63,1,1,0,76773.53,0,2,1,1,-1
564,Germany,Female,62,5,114931.35,3,0,1,18260.98,1,1,0,0,-1
833,France,Male,37,8,151226.18,2,1,1,136129.49,0,0,1,3,-1
504,France,Female,49,7,0.0,3,0,1,87822.14,1,0,0,1,-1
842,Spain,Female,44,2,112652.08,2,1,0,126644.98,0,2,0,2,-1
749,France,Male,24,1,0.0,3,1,1,47911.03,0,0,1,1,-1
685,Spain,Female,25,10,128509.63,1,1,0,121562.33,0,2,0,2,-1
590,Spain,Female,51,3,154962.99,3,0,1,191932.27,1,2,0,0,-1
850,Spain,Female,70,5,0.0,1,1,1,705.18,0,2,0,1,-1
761,France,Male,31,7,0.0,3,1,1,166698.18,0,0,1,1,-1
439,Spain,Female,32,3,138901.61,1,1,0,75685.97,0,2,0,2,-1
586,Spain,Female,57,3,0.0,2,0,1,6057.81,0,2,0,1,-1
779,Spain,Female,26,4,174318.13,2,0,1,38296.21,0,2,0,3,-1
484,Germany,Female,34,4,148249.54,1,0,1,33738.27,0,1,0,0,-1
601,France,Female,43,8,0.0,3,0,1,110916.15,1,0,0,1,-1
687,France,Female,72,9,0.0,1,0,1,69829.4,0,0,0,1,-1
754,Spain,Male,39,6,170184.99,2,1,0,89593.26,0,2,1,3,-1
656,Spain,Female,40,10,167878.5,1,0,1,151887.16,0,2,0,0,-1
799,Spain,Female,28,3,142253.65,1,1,0,45042.56,0,2,0,2,-1
839,Spain,Female,33,10,75592.43,1,1,0,62674.42,0,2,0,0,-1
850,France,Male,31,6,67996.23,2,0,0,50129.87,1,0,1,1,-1
549,Spain,Male,25,6,193858.2,1,0,1,21600.11,0,2,1,0,-1
583,France,Male,24,9,135125.28,1,0,0,89801.9,0,0,1,2,-1
445,Spain,Male,62,1,64119.38,1,1,1,76569.64,1,2,1,0,-1
669,France,Male,30,7,95128.86,1,0,0,19799.26,0,0,1,0,-1
594,Spain,Female,49,2,126615.94,2,0,1,123214.74,0,2,0,0,-1
750,Germany,Male,40,5,168286.81,3,1,0,20451.99,1,1,1,2,-1
650,Spain,Female,25,3,86605.5,3,1,0,16649.31,1,2,0,1,-1
554,Germany,Female,37,4,58629.97,1,0,0,182038.6,0,1,0,1,-1
672,Spain,Female,56,2,209767.31,2,1,1,150694.42,1,2,0,0,-1
459,Spain,Female,42,6,129634.25,2,1,1,177683.02,1,2,0,0,-1
776,France,Female,38,2,169824.46,1,1,0,169291.7,0,0,0,3,-1
711,France,Female,25,7,0.0,3,1,1,9679.28,0,0,0,1,-1
816,Spain,Male,67,6,151858.98,1,1,1,72814.31,0,2,1,3,-1
692,France,Female,28,8,95059.02,2,1,0,44420.18,0,0,0,1,-1
611,France,Female,49,2,88915.37,3,0,0,161435.02,1,0,0,1,-1
844,France,Male,18,2,160980.03,1,0,0,145936.28,0,0,1,3,-1
450,Spain,Female,46,5,177619.71,1,1,0,54227.06,0,2,0,2,-1
838,Spain,Female,39,5,166733.92,2,1,0,14279.44,0,2,0,3,-1
803,France,Male,31,9,157120.86,2,1,0,141300.53,0,0,1,3,-1
663,Germany,Female,36,6,77253.5,1,0,0,35817.97,1,1,0,0,-1
710,Germany,Male,43,2,140080.32,3,1,1,157908.19,1,1,1,0,-1
700,France,Female,82,2,0.0,2,0,1,182055.36,0,0,0,1,-1
684,Spain,Male,41,2,119782.72,2,0,0,120284.67,0,2,1,2,-1
531,France,Female,63,1,114715.71,1,0,1,24506.95,1,0,0,0,-1
692,Spain,Male,28,9,118945.09,1,0,0,16064.25,1,2,1,2,-1
774,France,Female,28,1,71264.02,2,0,1,68759.57,0,0,0,1,-1
714,Germany,Male,42,2,177640.09,1,0,1,47166.55,0,1,1,0,-1
702,France,Female,46,9,98444.19,1,0,1,109563.28,0,0,0,0,-1
511,Spain,Female,29,9,0.0,2,0,1,140676.98,0,2,0,1,-1
790,Spain,Female,46,9,0.0,1,0,0,14679.81,1,2,0,1,-1
793,France,Female,33,0,0.0,1,0,0,175544.02,0,0,0,1,-1
681,Spain,Male,65,7,134714.7,2,0,1,190419.81,0,2,1,0,-1
421,Germany,Male,28,8,122384.22,3,1,1,89017.38,1,1,1,1,-1
497,Spain,Male,27,9,75263.16,1,1,1,164825.04,0,2,1,0,-1
841,France,Female,36,5,156021.31,1,0,0,122662.98,0,0,0,3,-1
732,Spain,Female,69,9,137453.43,1,0,1,110932.24,1,2,0,0,-1
708,Spain,Female,41,5,0.0,1,0,1,157003.99,0,2,0,1,-1
553,Spain,Female,48,3,0.0,1,0,1,30730.95,1,2,0,1,-1
818,France,Female,31,1,186796.37,1,0,0,178252.63,0,0,0,3,-1
505,France,Male,49,7,80001.23,1,0,0,135180.11,0,0,1,0,-1
714,Germany,Male,21,6,86402.52,2,0,0,27330.59,0,1,1,1,-1
667,Germany,Female,48,1,97133.92,2,0,0,113316.77,1,1,0,1,-1
678,Germany,Female,25,10,76968.12,2,0,1,131501.72,0,1,0,1,-1
629,Germany,Female,45,7,129818.39,3,1,0,9217.55,1,1,0,2,-1
502,Germany,Female,32,1,173340.83,1,0,1,122763.95,0,1,0,0,-1
679,France,Female,43,4,0.0,3,1,0,115136.51,1,0,0,1,-1
703,France,Female,51,3,0.0,3,1,1,77294.56,1,0,0,1,-1
599,France,Male,58,4,0.0,1,0,0,176407.15,1,0,1,1,-1
609,Spain,Male,61,1,0.0,1,1,0,22447.85,1,2,1,1,-1
555,France,Male,51,5,0.0,3,1,0,189122.89,1,0,1,1,-1
714,Germany,Female,36,1,101609.01,2,1,1,447.73,0,1,0,0,-1
708,Germany,Female,42,8,192390.52,2,1,0,823.36,0,1,0,2,-1
592,Spain,Male,37,9,0.0,3,1,1,10656.89,0,2,1,1,-1
850,Germany,Female,44,5,128605.32,1,0,1,171096.2,0,1,0,0,-1
724,France,Female,37,10,68598.56,1,1,0,157862.82,0,0,0,1,-1
697,Spain,Female,25,5,82931.85,2,1,1,128373.88,0,2,0,0,-1
684,France,Female,48,3,73309.38,1,0,0,21228.34,1,0,0,0,-1
789,Germany,Male,33,8,151607.56,1,1,0,4389.4,0,1,1,3,-1
807,Spain,Female,43,0,0.0,2,0,1,85523.24,0,2,0,1,-1
529,Spain,Male,63,4,96134.11,3,1,0,108732.96,1,2,1,1,-1
649,Germany,Male,70,9,116854.71,2,0,1,107125.79,0,1,1,0,-1
594,France,Male,27,0,197041.8,1,0,0,151912.49,0,0,1,2,-1
749,Germany,Female,44,0,71497.79,2,0,0,151083.8,0,1,0,1,-1
661,Spain,Female,28,7,95357.49,1,0,0,102297.15,0,2,0,0,-1
838,Spain,Male,43,9,123105.88,2,1,0,145765.83,0,2,1,2,-1
610,Spain,Male,29,9,0.0,3,0,1,83912.24,0,2,1,1,-1
587,Spain,Male,62,7,121286.27,1,0,1,6776.92,0,2,1,0,-1
811,Germany,Female,28,4,167738.82,2,1,1,9903.42,0,1,0,3,-1
646,France,Female,42,3,175159.9,2,0,0,67124.48,1,0,0,2,-1
521,Germany,Male,52,5,116497.31,3,0,0,53793.1,1,1,1,2,-1
650,Spain,Male,71,0,0.0,1,1,1,175380.77,0,2,1,1,-1
547,France,Female,48,1,179380.74,2,0,1,69263.1,0,0,0,0,-1
609,Spain,Male,53,10,0.0,1,1,1,154642.91,0,2,1,1,-1
714,France,Female,72,3,0.0,1,1,1,86733.61,0,0,0,1,-1
602,Spain,Female,22,7,141604.76,1,1,0,30379.6,0,2,0,2,-1
545,Spain,Female,74,3,0.0,2,1,1,161326.73,0,2,0,1,-1
640,Germany,Male,33,8,81677.22,2,0,0,34925.56,0,1,1,1,-1
731,France,Female,52,10,0.0,1,1,1,24998.75,1,0,0,1,-1
624,Spain,Female,23,6,0.0,2,0,1,196668.51,0,2,0,1,-1
712,France,Male,36,2,100749.5,3,0,0,70758.37,1,0,1,2,-1
756,Germany,Female,39,3,100717.85,3,1,1,73406.04,1,1,0,1,-1
790,France,Female,26,4,141581.71,2,0,0,98309.27,0,0,0,2,-1
420,Germany,Female,34,1,135549.9,1,0,0,149471.13,1,1,0,2,-1
690,France,Female,42,3,92578.14,2,0,0,70810.6,0,0,0,1,-1
608,France,Female,62,8,144976.5,1,0,0,175836.03,1,0,0,2,-1
731,France,Female,47,1,115414.19,3,0,0,191734.67,1,0,0,2,-1
698,Germany,Male,56,1,112414.81,2,0,0,93982.02,1,1,1,2,-1
779,Germany,Male,33,1,158456.76,1,1,1,197000.92,1,1,1,3,-1
727,Spain,Female,57,1,109679.72,1,0,1,753.37,0,2,0,0,-1
593,Germany,Female,29,5,101713.84,3,1,0,134594.99,0,1,0,2,-1
434,Germany,Female,58,9,125801.03,2,1,0,60891.8,1,1,0,2,-1
747,Germany,Female,32,5,67495.04,2,0,1,77370.37,0,1,0,1,-1
712,Germany,Female,49,5,154776.42,2,0,0,196257.68,0,1,0,2,-1
699,Spain,Male,26,6,79932.41,1,0,0,150242.44,0,2,1,0,-1
807,Germany,Female,31,1,93460.47,2,0,0,172782.69,0,1,0,1,-1
785,Spain,Female,61,4,129855.72,2,1,0,170214.82,1,2,0,2,-1
363,Spain,Female,28,6,146098.43,3,1,0,100615.14,1,2,0,2,-1
780,France,Male,76,10,121313.88,1,0,1,64872.33,0,0,1,0,-1
711,France,Male,51,7,0.0,3,1,0,38409.79,1,0,1,1,-1
791,France,Male,37,2,163789.49,2,1,0,75832.53,0,0,1,3,-1
771,France,Female,66,7,143773.07,1,1,1,130827.88,0,0,0,0,-1
519,France,Female,21,1,146329.57,2,1,1,194867.27,0,0,0,0,-1
499,Germany,Female,55,4,126817.65,2,1,0,123269.71,0,1,0,2,-1
628,France,Female,46,1,46870.43,4,1,0,31272.14,1,0,0,1,-1
534,France,Female,55,8,116973.26,3,1,0,122066.5,1,0,0,2,-1
681,Spain,Male,67,7,0.0,2,0,1,163714.92,0,2,1,1,-1
790,Spain,Male,46,8,182364.53,1,0,0,139266.48,1,2,1,3,-1
534,Spain,Female,33,3,151233.62,1,0,0,199336.63,0,2,0,2,-1
683,France,Male,30,10,57657.49,1,0,0,79240.9,0,0,1,1,-1
811,Germany,Male,52,10,76915.4,1,0,0,146359.81,1,1,1,0,-1
823,Spain,Female,46,3,81576.75,1,1,1,28370.95,1,2,0,0,-1
850,France,Female,37,7,153147.75,1,1,1,152235.3,0,0,0,3,-1
598,France,Female,43,5,0.0,3,1,1,100722.72,1,0,0,1,-1
635,Spain,Male,50,7,159453.64,2,0,0,54560.79,1,2,1,2,-1
539,Germany,Female,38,8,82407.51,1,1,0,13123.41,0,1,0,0,-1
794,France,Female,41,7,176845.41,3,1,0,166526.26,1,0,0,3,-1
611,Spain,Male,52,7,0.0,1,0,1,73585.18,1,2,1,1,-1
457,France,Male,41,8,73700.12,3,1,1,185750.02,1,0,1,1,-1
768,Spain,Female,44,6,60603.4,1,1,1,178045.97,0,2,0,0,-1
846,France,Female,41,5,0.0,3,1,0,3440.47,1,0,0,1,-1
571,France,Female,23,10,151097.28,1,0,1,17163.75,0,0,0,0,-1
794,Spain,Male,45,8,88656.37,2,1,0,116547.31,0,2,1,1,-1
359,France,Female,44,6,128747.69,1,1,0,146955.71,1,0,0,2,-1
523,France,Female,73,7,0.0,2,0,0,130883.9,1,0,0,1,-1
799,Germany,Male,28,7,167658.33,2,1,1,111138.25,0,1,1,3,-1
603,Spain,Female,42,8,91611.12,1,0,0,144675.3,1,2,0,0,-1
792,Germany,Female,59,9,101609.77,1,0,0,161479.19,1,1,0,2,-1
755,France,Male,62,1,127706.33,2,0,1,142377.69,0,0,1,0,-1
504,Germany,Male,56,9,104217.3,1,0,0,55857.48,1,1,1,2,-1
556,France,Female,43,6,0.0,3,0,0,125154.57,1,0,0,1,-1
465,France,Male,25,2,78247.31,2,1,1,10472.31,0,0,1,0,-1
616,Germany,Female,41,1,103560.57,1,1,0,236.45,1,1,0,2,-1
819,Germany,Female,49,1,120656.86,4,0,0,166164.3,1,1,0,2,-1
806,France,Male,48,4,164701.68,1,1,1,21439.49,0,0,1,3,-1
755,Germany,Female,30,6,154221.37,2,0,1,62688.55,0,1,0,3,-1
850,Spain,Female,29,1,0.0,2,1,1,197996.65,0,2,0,1,-1
710,Spain,Female,51,4,93656.95,1,0,1,141400.51,1,2,0,0,-1
596,Spain,Male,30,6,121345.88,4,1,0,41921.75,1,2,1,2,-1
735,Spain,Male,50,9,0.0,1,0,0,166677.35,1,2,1,1,-1
449,France,Male,52,6,0.0,2,0,1,123622.0,0,0,1,1,-1
595,Germany,Female,25,7,106570.34,2,0,1,177025.79,0,1,0,0,-1
796,Germany,Male,39,5,86350.87,2,0,0,105080.53,0,1,1,1,-1
850,France,Female,37,3,212778.2,1,0,1,69372.88,0,0,0,3,-1
764,Spain,Female,33,9,168964.77,1,0,1,118982.51,0,2,0,3,-1
592,France,Female,38,8,119278.01,2,0,1,19370.73,0,0,0,0,-1
850,Spain,Female,29,10,0.0,2,1,1,94815.04,0,2,0,1,-1
773,Germany,Female,42,8,152324.66,2,1,0,171733.22,0,1,0,3,-1
769,Germany,Male,27,7,188614.07,1,1,0,171344.09,0,1,1,3,-1
834,France,Female,49,8,160602.25,2,1,0,129273.94,0,0,0,3,-1
641,France,Male,77,9,0.0,3,1,1,81514.06,0,0,1,1,-1
656,France,Male,18,10,151762.74,1,0,1,127014.32,0,0,1,0,-1
525,Spain,Female,25,10,0.0,2,1,0,69361.95,0,2,0,1,-1
350,Spain,Male,54,1,152677.48,1,1,1,191973.49,1,2,1,0,-1
538,Spain,Female,31,0,0.0,2,0,0,179453.66,0,2,0,1,-1
504,Germany,Male,32,8,170291.22,2,0,1,15658.99,0,1,1,0,-1
712,Spain,Male,53,2,111061.01,2,0,0,26542.17,0,2,1,2,-1
506,Germany,Female,41,3,57745.76,1,1,0,4035.46,0,1,0,1,-1
704,Germany,Female,54,6,133656.91,3,1,0,145071.33,1,1,0,2,-1
554,France,Male,24,10,0.0,1,0,0,92180.62,0,0,1,1,-1
812,Spain,Female,44,8,0.0,3,1,0,66926.83,1,2,0,1,-1
570,France,Female,18,4,82767.42,1,1,0,71811.9,0,0,0,0,-1
712,France,Female,42,1,87842.98,1,0,0,92223.59,0,0,0,0,-1
602,France,Male,23,7,113758.48,2,0,0,84077.6,0,0,1,2,-1
554,Spain,Female,34,8,0.0,1,0,1,106981.03,0,2,0,1,-1
814,Germany,Male,44,8,95488.82,2,0,0,107013.59,0,1,1,1,-1
683,France,Male,30,8,110829.52,2,0,0,24938.84,0,0,1,2,-1
792,France,Male,50,9,0.0,4,1,1,194700.81,1,0,1,1,-1
790,Germany,Male,42,1,85839.62,1,1,0,198182.73,0,1,1,0,-1
828,Spain,Male,28,8,134766.85,1,1,0,79355.87,0,2,1,2,-1
758,Spain,Female,40,5,93499.82,2,0,0,123218.81,0,2,0,1,-1
672,Germany,Female,21,3,165878.76,2,1,1,164537.17,0,1,0,0,-1
584,Germany,Female,54,1,77354.37,1,0,0,138192.98,1,1,0,0,-1
850,France,Female,39,7,79259.99,1,0,1,186910.74,0,0,0,0,-1
584,Spain,Female,59,1,0.0,1,0,1,130260.11,1,2,0,1,-1
595,Spain,Female,23,10,101126.66,2,0,0,37042.8,0,2,0,2,-1
533,Spain,Female,52,7,0.0,1,0,1,194113.99,1,2,0,1,-1
642,Germany,Female,30,5,129753.69,1,1,0,582.53,0,1,0,2,-1
760,Spain,Male,28,1,141038.57,2,0,0,16287.38,0,2,1,2,-1
439,France,Male,28,7,110976.23,2,1,0,138526.96,0,0,1,2,-1
793,Spain,Female,36,0,0.0,1,0,0,148993.47,0,2,0,1,-1
439,France,Female,43,8,0.0,1,0,1,104889.3,0,0,0,1,-1
697,Germany,Female,74,3,108071.36,2,1,1,16445.79,0,1,0,0,-1
714,France,Female,51,4,88308.87,3,0,0,5862.53,1,0,0,1,-1
683,Spain,Female,24,8,98567.1,1,1,0,187987.01,0,2,0,0,-1
577,France,Female,26,1,180530.51,1,0,0,123454.62,0,0,0,2,-1
818,France,Female,49,2,0.0,1,0,1,192298.84,1,0,0,1,-1
651,France,Female,65,0,0.0,2,1,1,190454.04,0,0,0,1,-1
714,Spain,Male,45,8,150900.29,2,0,1,139889.15,0,2,1,0,-1
604,Spain,Male,23,9,124577.33,1,1,1,7267.25,0,2,1,0,-1
425,Spain,Female,22,7,169649.73,2,0,1,136365.0,1,2,0,0,-1
350,Germany,Male,39,0,109733.2,2,0,0,123602.11,1,1,1,2,-1
464,Spain,Female,34,5,76001.57,1,1,1,158668.87,0,2,0,0,-1
731,Spain,Male,25,8,96950.21,1,1,0,97877.92,0,2,1,0,-1
559,France,Female,70,9,0.0,1,1,1,122996.76,0,0,0,1,-1
640,Germany,Male,39,9,131607.28,4,0,1,6981.43,1,1,1,1,-1
770,Spain,Male,55,9,63127.41,2,1,0,185211.28,1,2,1,1,-1
579,France,Male,31,9,0.0,1,0,1,139048.0,0,0,1,1,-1
831,France,Male,30,2,0.0,2,0,1,3430.38,0,0,1,1,-1
634,Germany,Female,31,8,76798.92,1,0,0,196021.73,0,1,0,0,-1
776,France,Female,29,7,178171.04,2,1,1,115818.51,0,0,0,3,-1
796,Spain,Male,67,5,0.0,2,0,1,54871.02,0,2,1,1,-1
773,Spain,Female,33,10,0.0,1,1,1,98820.09,0,2,0,1,-1
625,Spain,Female,69,1,107569.96,1,1,1,182336.45,0,2,0,0,-1
535,Germany,Male,20,9,134874.4,1,1,1,118825.56,0,1,1,0,-1
503,Spain,Male,25,7,0.0,1,0,1,192841.13,0,2,1,1,-1
625,France,Male,36,9,108546.16,3,1,0,133807.77,1,0,1,2,-1
452,Spain,Male,44,3,88915.85,1,1,0,69697.74,0,2,1,0,-1
624,Germany,Male,27,9,94667.29,2,0,1,4470.52,0,1,1,0,-1
623,France,Male,21,10,0.0,2,0,1,135851.3,0,0,1,1,-1
565,Germany,Female,58,3,108888.24,3,0,1,135875.51,1,1,0,1,-1
705,Spain,Female,24,5,177799.83,2,0,0,79886.06,0,2,0,2,-1
358,Spain,Female,52,8,143542.36,3,1,0,141959.11,1,2,0,2,-1
488,Spain,Female,39,9,140553.46,1,0,0,12440.44,0,2,0,2,-1
733,Spain,Female,30,0,83319.28,1,0,0,57769.2,0,2,0,0,-1
717,Spain,Male,35,1,0.0,3,0,0,174770.14,1,2,1,1,-1
476,Spain,Female,69,1,105303.73,1,0,1,134260.34,0,2,0,0,-1
845,Germany,Female,41,2,81733.74,2,0,0,199761.29,0,1,0,1,-1
824,Germany,Male,60,8,134250.17,3,0,0,153046.16,1,1,1,2,-1
534,France,Male,62,2,0.0,2,0,0,42763.12,1,0,1,1,-1
556,Spain,Female,48,8,168522.37,1,1,1,151310.16,0,2,0,0,-1
841,France,Male,74,9,108131.53,1,0,1,60830.38,0,0,1,0,-1
728,Spain,Female,37,4,0.0,1,0,0,4539.38,0,2,0,1,-1
716,Germany,Female,18,3,128743.8,1,0,0,197322.13,0,1,0,2,-1
545,Spain,Female,39,6,0.0,1,0,0,38410.74,1,2,0,1,-1
451,Spain,Female,23,9,0.0,2,0,1,48021.71,0,2,0,1,-1
667,Germany,Female,37,5,92171.35,3,1,0,178106.34,1,1,0,1,-1
668,Spain,Female,24,7,173962.32,1,0,0,106457.11,1,2,0,2,-1
579,Germany,Female,64,6,145215.43,1,1,1,164083.72,0,1,0,0,-1
840,France,Female,39,1,94968.97,1,1,0,84487.62,0,0,0,0,-1
520,Germany,Male,34,8,120018.86,2,1,1,343.38,0,1,1,0,-1
712,France,Female,37,1,106881.5,2,0,0,169386.81,0,0,0,2,-1
850,France,Male,63,8,169832.57,1,0,0,184107.26,1,0,1,3,-1
569,Spain,Female,34,6,144855.34,1,0,0,196555.32,0,2,0,2,-1
640,France,Male,63,2,68432.45,2,1,1,112503.24,1,0,1,0,-1
716,France,Female,52,7,65971.61,2,1,0,14608.0,1,0,0,1,-1
655,Spain,Male,38,3,250898.09,3,0,1,81054.0,1,2,1,0,-1
531,Spain,Male,70,1,0.0,2,0,0,99503.19,0,2,1,1,-1
594,France,Male,61,3,62391.22,1,1,1,192434.11,0,0,1,0,-1
768,France,Male,42,5,0.0,3,0,0,60686.4,0,0,1,1,-1
593,Germany,Male,74,5,161434.36,2,1,1,65532.17,0,1,1,0,-1
722,Germany,Female,48,10,138311.76,1,1,1,3472.63,1,1,0,0,-1
765,Spain,Female,32,9,178095.55,1,0,0,47247.56,0,2,0,3,-1
704,France,Male,32,7,127785.17,4,0,0,184464.7,1,0,1,2,-1
736,Germany,Male,57,9,95295.39,1,1,0,28434.44,1,1,1,0,-1
836,Spain,Male,57,4,101247.06,1,1,0,37141.62,1,2,1,2,-1
606,Germany,Male,65,10,126306.64,3,0,0,7861.68,1,1,1,2,-1
683,France,Male,72,3,140997.26,1,0,1,52876.41,0,0,1,0,-1
767,Spain,Male,77,8,149083.7,1,1,1,190146.83,0,2,1,0,-1
526,Germany,Male,58,9,190298.89,2,1,1,191263.76,0,1,1,0,-1
757,Germany,Female,34,9,101861.36,2,0,0,187011.96,0,1,0,2,-1
845,France,Male,33,8,164385.53,1,1,0,150664.97,0,0,1,3,-1
798,Spain,Female,58,9,0.0,2,0,0,119071.56,1,2,0,1,-1
773,Germany,Male,47,2,118079.47,4,1,1,143007.49,1,1,1,1,-1
850,Spain,Male,28,9,97408.03,1,1,1,175853.64,0,2,1,0,-1
509,Spain,Male,38,2,0.0,1,0,0,168460.12,0,2,1,1,-1
456,France,Female,33,1,188285.68,1,0,0,58363.94,0,0,0,2,-1
673,Germany,Female,34,1,127122.79,3,0,1,76703.1,0,1,0,0,-1
757,Spain,Male,44,5,140856.16,2,1,0,158735.1,0,2,1,2,-1
622,France,Female,30,2,158584.82,3,1,0,142342.55,1,0,0,2,-1
835,France,Male,28,2,163569.61,2,1,1,154559.28,0,0,1,3,-1
539,Spain,Female,37,1,130922.81,2,0,0,2186.83,0,2,0,2,-1
706,Spain,Male,20,8,0.0,2,1,1,12368.11,0,2,1,1,-1
478,Spain,Male,43,1,0.0,2,1,1,197916.43,0,2,1,1,-1
763,Germany,Female,61,1,66101.89,1,1,1,143981.27,0,1,0,0,-1
538,France,Female,38,8,88758.95,2,0,0,28226.15,1,0,0,1,-1
580,France,Female,65,9,106804.26,3,1,0,107890.69,1,0,0,2,-1
542,France,Female,59,2,68892.77,2,1,0,7905.06,1,0,0,1,-1
630,Germany,Male,50,3,129370.91,4,1,1,47775.34,1,1,1,1,-1
607,Germany,Male,61,2,164523.5,2,1,1,35786.76,0,1,1,0,-1
610,Germany,Male,57,6,106938.11,2,0,1,186612.47,0,1,1,0,-1
645,France,Male,19,9,128514.84,1,0,0,175969.19,0,0,1,2,-1
850,France,Male,35,3,162442.35,1,1,0,183566.78,0,0,1,3,-1
508,Germany,Male,28,0,96213.82,2,1,0,147913.56,0,1,1,1,-1
794,Spain,Male,38,9,179581.31,1,1,0,23596.24,0,2,1,3,-1
719,Germany,Female,42,5,137227.04,3,1,0,149097.38,1,1,0,2,-1
651,France,Male,35,7,74623.5,3,1,0,129451.29,1,0,1,1,-1
554,France,Female,26,7,92606.86,2,1,0,192709.69,0,0,0,1,-1
709,Germany,Male,45,4,122917.71,1,1,1,11.58,1,1,1,0,-1
549,France,Male,50,9,94748.76,2,0,1,13608.18,0,0,1,0,-1
624,France,Male,26,9,74681.9,2,0,0,31231.35,0,0,1,1,-1
697,France,Male,42,9,132739.26,2,0,0,174667.65,0,0,1,2,-1
541,Germany,Male,51,7,90373.28,2,1,0,179861.79,0,1,1,1,-1
654,Germany,Male,37,2,145610.07,2,0,0,186300.59,0,1,1,2,-1
580,Spain,Female,57,0,136820.99,1,0,1,108528.74,0,2,0,0,-1
653,Germany,Female,25,2,158266.42,3,1,1,199357.24,0,1,0,0,-1
540,France,Male,22,4,0.0,3,1,1,186233.26,1,0,1,1,-1
759,Spain,Female,74,6,128917.84,1,1,1,48244.64,0,2,0,0,-1
701,Spain,Male,59,7,0.0,2,0,1,27597.59,0,2,1,1,-1
783,Spain,Female,59,9,126224.87,1,1,1,4423.63,0,2,0,0,-1
537,Spain,Female,38,1,0.0,2,0,1,41233.97,0,2,0,1,-1
513,Spain,Male,88,10,0.0,2,1,1,52952.24,0,2,1,1,-1
576,France,Male,63,9,70655.48,1,0,0,78955.8,1,0,1,0,-1
672,France,Female,53,9,169406.33,4,1,1,147311.47,1,0,0,1,-1
763,Spain,Female,32,10,95153.77,1,0,1,81310.1,0,2,0,0,-1
351,Germany,Female,57,4,163146.46,1,1,0,169621.69,1,1,0,2,-1
451,Germany,Female,38,9,61482.47,1,1,1,167538.66,0,1,0,0,-1
475,France,Female,57,1,0.0,2,1,0,89248.99,0,0,0,1,-1
645,Spain,Female,21,1,0.0,2,0,0,28726.07,0,2,0,1,-1
466,Germany,Female,56,2,111920.13,3,1,0,197634.11,1,1,0,2,-1
614,France,Female,37,8,75150.34,4,0,1,131766.67,1,0,0,1,-1
655,France,Female,50,10,0.0,4,1,0,179267.94,1,0,0,1,-1
758,France,Female,50,2,95813.76,3,1,1,67944.09,1,0,0,1,-1
612,Spain,Female,62,0,167026.61,2,1,1,192892.05,0,2,0,0,-1
782,Spain,Male,52,4,0.0,1,1,1,52759.82,1,2,1,1,-1
505,France,Male,34,10,104498.79,1,0,1,126451.14,0,0,1,0,-1
604,France,Male,26,8,149542.52,2,0,1,197911.52,0,0,1,0,-1
606,France,Male,61,5,108166.09,2,0,1,8643.21,0,0,1,0,-1
651,Germany,Male,40,1,134760.21,2,0,0,174434.06,1,1,1,2,-1
611,France,Female,61,3,131583.59,4,0,1,66238.23,1,0,0,1,-1
549,Germany,Male,41,9,95020.8,3,1,1,131710.59,1,1,1,1,-1
850,Spain,Female,24,1,0.0,2,0,1,69052.87,0,2,0,1,-1
660,France,Male,50,1,0.0,3,1,1,191849.15,1,0,1,1,-1
682,Spain,Female,59,0,122661.39,1,0,1,84803.76,0,2,0,0,-1
727,Spain,Male,71,8,0.0,1,1,1,198446.91,1,2,1,1,-1
650,Spain,Female,30,6,0.0,1,0,0,67997.13,1,2,0,1,-1
763,France,Female,58,9,187911.55,1,0,1,35825.18,0,0,0,3,-1
711,France,Male,58,9,91285.13,2,1,1,26767.85,0,0,1,0,-1
665,Germany,Female,51,9,110610.41,2,0,1,1112.76,1,1,0,0,-1
365,Germany,Male,30,0,127760.07,1,1,0,81537.85,1,1,1,2,-1
833,France,Female,28,4,136674.51,2,0,0,5278.78,0,0,0,2,-1
550,Spain,Male,62,7,80927.56,1,0,1,64490.67,0,2,1,0,-1
680,France,Female,24,10,0.0,3,1,0,154971.63,1,0,0,1,-1
546,Germany,Female,58,3,106458.31,4,1,0,128881.87,1,1,0,2,-1
762,Spain,Male,35,9,122929.42,2,0,0,149822.04,0,2,1,2,-1
692,Germany,Male,45,6,152296.83,4,0,1,108040.86,1,1,1,1,-1
850,Spain,Male,49,8,0.0,1,0,0,25867.67,1,2,1,1,-1
647,France,Female,29,0,98263.46,2,1,0,164717.95,0,0,0,1,-1
538,Germany,Female,28,6,164365.44,1,0,1,5698.97,0,1,0,0,-1
736,France,Male,27,5,51522.75,1,0,1,192131.77,0,0,1,0,-1
461,France,Male,51,9,119889.84,1,0,0,56767.67,1,0,1,2,-1
850,Germany,Male,40,4,166082.15,2,0,1,44406.17,0,1,1,3,-1
850,Germany,Male,53,2,94078.97,2,1,0,36980.54,0,1,1,1,-1
670,Germany,Male,40,2,164948.98,3,0,0,177028.0,1,1,1,2,-1
614,France,Female,19,5,97445.49,2,1,0,122823.34,0,0,0,1,-1
598,France,Female,64,9,0.0,1,0,1,13181.37,1,0,0,1,-1
850,Spain,Female,23,9,143054.85,1,0,1,62980.96,0,2,0,0,-1
414,France,Male,38,8,0.0,1,0,1,77661.12,1,0,1,1,-1
597,Germany,Female,39,8,162532.14,3,1,0,36051.46,1,1,0,2,-1
586,France,Female,28,5,0.0,3,1,0,170487.4,1,0,0,1,-1
696,France,Male,22,9,149777.0,1,1,1,198032.93,0,0,1,0,-1
630,Spain,Female,21,1,85818.18,1,1,1,133102.3,0,2,0,0,-1
592,France,Male,37,4,212692.97,1,0,0,176395.02,0,0,1,2,-1
763,Spain,Male,67,9,148564.66,1,0,1,87236.4,0,2,1,0,-1
775,Germany,Male,70,6,119684.88,2,1,1,74532.02,0,1,1,0,-1
726,Spain,Female,56,8,123110.9,3,0,1,130113.78,1,2,0,0,-1
564,Germany,Female,44,3,111760.4,3,1,1,104722.47,1,1,0,1,-1
614,France,Female,41,8,121558.46,1,1,1,598.8,0,0,0,0,-1
829,Germany,Female,37,3,103457.76,1,0,0,1114.12,0,1,0,2,-1
754,Germany,Male,57,2,101134.87,2,1,1,70954.41,0,1,1,0,-1
641,Germany,Female,37,7,62974.64,2,0,1,39016.43,0,1,0,1,-1
650,Spain,Male,41,3,128808.65,3,0,0,113677.53,1,2,1,2,-1
481,France,Female,57,9,0.0,3,1,1,169719.35,1,0,0,1,-1
698,Spain,Female,31,8,185078.26,1,0,0,115337.74,1,2,0,2,-1
597,Germany,Female,72,6,124978.19,2,1,1,7144.46,0,1,0,0,-1
850,Spain,Male,51,3,109799.55,2,1,1,12457.76,1,2,1,0,-1
732,Germany,Female,61,9,94867.18,2,1,1,157527.6,1,1,0,0,-1
805,France,Male,46,6,118022.06,3,1,0,162643.15,1,0,1,2,-1
705,Spain,Male,44,0,184552.12,1,1,0,68860.3,1,2,1,2,-1
532,Spain,Female,66,3,0.0,1,1,1,115227.02,0,2,0,1,-1
646,France,Male,52,8,59669.43,1,0,0,172495.81,1,0,1,1,-1
515,France,Female,25,7,79543.59,1,0,1,38772.82,0,0,0,0,-1
769,France,Male,51,9,156773.78,2,1,0,40257.79,0,0,1,3,-1
597,France,Male,28,2,0.0,3,1,1,78707.97,0,0,1,1,-1
527,Spain,Male,33,9,132168.28,1,0,0,98734.15,0,2,1,2,-1
575,Spain,Male,53,1,84903.33,2,0,1,26015.8,0,2,1,0,-1
850,France,Male,30,9,121535.18,1,0,0,40313.47,0,0,1,2,-1
850,Spain,Female,36,2,155180.56,2,0,0,169415.54,0,2,0,3,-1
513,Spain,Male,48,2,0.0,1,1,1,114709.13,1,2,1,1,-1
529,Spain,Male,38,7,99842.5,2,1,0,90256.06,1,2,1,1,-1
487,France,Male,53,4,199689.49,1,1,1,24207.86,1,0,1,0,-1
710,Spain,Female,75,5,0.0,2,1,1,9376.89,0,2,0,1,-1
715,France,Male,21,6,76467.16,1,1,1,173511.72,0,0,1,0,-1
559,Spain,Female,27,1,0.0,1,0,1,1050.33,0,2,0,1,-1
439,Spain,Male,52,3,96196.24,4,1,0,198874.52,1,2,1,1,-1
831,Germany,Male,32,9,80262.66,1,1,0,194867.78,0,1,1,0,-1
487,Spain,Female,36,1,140137.15,1,1,0,194073.33,0,2,0,2,-1
694,Germany,Female,37,8,98218.04,2,1,0,182354.46,1,1,0,1,-1
703,Germany,Female,26,1,97331.19,1,1,0,63717.49,0,1,0,0,-1
626,Spain,Female,26,8,148610.41,3,0,1,104502.02,1,2,0,0,-1
498,France,Male,73,2,170241.7,2,1,1,165407.96,0,0,1,0,-1
699,Germany,Male,32,1,123906.22,3,1,1,127443.82,1,1,1,0,-1
538,Spain,Female,42,9,0.0,1,0,0,152855.96,0,2,0,1,-1
685,Spain,Male,34,6,83264.28,1,0,0,9663.28,0,2,1,0,-1
717,France,Female,76,9,138489.66,1,1,1,68400.14,0,0,0,0,-1
850,France,Female,42,9,113311.11,1,1,1,198193.75,0,0,0,0,-1
678,France,Female,41,9,0.0,1,0,0,13160.03,0,0,0,1,-1
835,Germany,Male,20,4,124365.42,1,0,0,180197.74,1,1,1,2,-1
620,France,Female,29,1,138740.24,2,0,0,154700.61,0,0,0,2,-1
550,France,Male,38,9,140278.99,3,1,1,171457.06,1,0,1,0,-1
579,Germany,Female,39,5,117833.3,3,0,0,5831.0,1,1,0,2,-1
505,Spain,Female,45,9,131355.3,3,1,0,195395.33,1,2,0,2,-1
689,France,Male,47,1,93871.95,3,1,0,156878.42,1,0,1,1,-1
745,Spain,Female,59,8,0.0,1,1,1,36124.98,0,2,0,1,-1
779,France,Male,62,10,119096.55,1,0,1,116977.89,0,0,1,0,-1
797,France,Male,32,10,114084.6,1,0,1,125782.29,0,0,1,0,-1
495,Spain,Female,45,3,89158.94,3,1,0,135169.76,1,2,0,1,-1
787,France,Female,85,10,0.0,2,1,1,116537.96,0,0,0,1,-1
829,Spain,Female,26,8,101440.36,2,1,1,19324.5,0,2,0,0,-1
835,Germany,Female,29,10,130420.2,2,0,0,106276.55,0,1,0,2,-1
540,Spain,Male,67,1,88382.01,1,0,1,59457.0,0,2,1,0,-1
582,France,Female,40,9,0.0,3,1,1,60954.45,0,0,0,1,-1
439,France,Male,36,2,165536.28,2,1,1,123956.83,0,0,1,0,-1
480,Germany,Female,25,3,174330.35,2,0,0,181647.13,0,1,0,2,-1
613,Germany,Male,59,8,91415.76,1,0,0,27965.0,1,1,1,0,-1
763,Germany,Male,32,9,160680.41,1,1,0,30886.35,0,1,1,3,-1
850,Germany,Female,47,10,134381.52,1,0,0,26812.89,1,1,0,2,-1
546,Germany,Female,74,8,114888.74,2,1,1,66732.63,1,1,0,0,-1
698,France,Female,40,7,105061.74,3,1,0,107815.31,1,0,0,2,-1
753,France,Female,39,7,155062.8,1,1,1,16460.77,0,0,0,3,-1
642,France,Male,30,8,80964.57,2,1,0,174738.2,0,0,1,1,-1
760,France,Male,39,6,178585.46,1,1,0,67131.3,1,0,1,3,-1
832,Spain,Female,34,6,138190.13,2,0,1,146511.2,0,2,0,0,-1
756,France,Male,60,2,0.0,1,1,1,166513.49,1,0,1,1,-1
697,France,Female,76,7,0.0,2,0,1,188772.45,0,0,0,1,-1
482,Germany,Female,48,2,69329.47,1,0,0,102640.52,1,1,0,0,-1
752,Spain,Male,44,6,83870.33,1,1,0,178722.24,0,2,1,0,-1
644,France,Female,40,9,137285.26,4,1,0,77063.63,1,0,0,2,-1
470,Spain,Male,34,9,0.0,2,0,1,89013.67,0,2,1,1,-1
850,Germany,Female,35,2,80931.75,1,0,0,12639.67,1,1,0,0,-1
815,France,Female,56,3,0.0,3,1,1,94248.16,1,0,0,1,-1
586,France,Female,35,7,164769.02,3,1,0,119814.25,1,0,0,2,-1
528,France,Female,27,7,176227.07,2,0,1,139481.53,0,0,0,0,-1
547,Germany,Male,50,3,81290.02,3,0,1,177747.03,1,1,1,1,-1
667,Spain,Male,56,2,168883.08,1,0,1,18897.78,0,2,1,0,-1
827,Spain,Male,46,1,183276.32,1,1,1,13460.27,0,2,1,3,-1
555,Spain,Female,24,2,0.0,2,0,1,197866.55,0,2,0,1,-1
762,Spain,Female,19,6,0.0,2,1,0,55500.17,0,2,0,1,-1
411,France,Female,36,10,0.0,1,0,0,120694.35,0,0,0,1,-1
815,France,Male,24,7,171922.72,1,0,1,178028.96,0,0,1,3,-1
850,Germany,Male,43,0,108508.82,3,1,0,184044.8,1,1,1,2,-1
507,France,Female,29,4,89349.47,2,0,0,180626.68,0,0,0,1,-1
735,Spain,Male,38,7,86131.71,2,0,0,93478.96,0,2,1,1,-1
688,Spain,Female,33,2,0.0,1,0,0,27557.18,1,2,0,1,-1
728,France,Female,59,4,0.0,1,1,1,163365.85,1,0,0,1,-1
583,France,Female,57,3,238387.56,1,0,1,147964.99,1,0,0,0,-1
754,Spain,Female,19,9,0.0,1,1,0,189641.11,0,2,0,1,-1
568,Germany,Female,26,10,109819.16,2,1,0,154491.39,0,1,0,2,-1
786,France,Female,62,8,0.0,1,1,1,165702.64,0,0,0,1,-1
813,France,Female,62,10,64667.95,2,0,1,140454.14,0,0,0,1,-1
608,Spain,Female,63,3,139529.93,2,1,1,175696.16,1,2,0,0,-1
430,France,Male,35,1,118894.22,1,0,0,2923.61,0,0,1,2,-1
579,Spain,Male,56,4,99340.83,1,0,0,4523.74,1,2,1,0,-1
474,Germany,Female,34,9,176311.36,1,1,0,160213.27,0,1,0,2,-1
602,Germany,Female,48,7,76595.08,2,0,0,127095.14,0,1,0,1,-1
759,France,Female,33,9,160541.36,2,0,0,93541.14,0,0,0,3,-1
671,Spain,Female,34,5,130929.02,4,1,1,28238.25,1,2,0,1,-1
655,Germany,Female,72,5,138089.97,2,1,1,99920.41,0,1,0,0,-1
537,Germany,Male,84,8,92242.34,1,1,1,186235.98,0,1,1,0,-1
420,Spain,Female,55,4,91893.32,1,1,0,144870.28,1,2,0,0,-1
430,Germany,Male,36,1,138992.48,2,0,0,122373.42,0,1,1,2,-1
578,Spain,Male,40,6,63609.92,1,0,0,74965.61,1,2,1,0,-1
731,Germany,Female,43,9,79120.27,1,0,0,548.52,1,1,0,0,-1
850,Germany,Female,30,8,154870.28,1,1,1,54191.38,0,1,0,3,-1
649,France,Male,37,9,87374.88,2,1,1,247.36,0,0,1,0,-1
657,Spain,Male,36,8,188241.05,2,0,0,183058.51,1,2,1,2,-1
428,France,Female,62,1,107735.93,1,0,1,58381.77,0,0,0,0,-1
692,Germany,Female,43,2,69014.49,2,0,0,164621.43,0,1,0,1,-1
720,Spain,Male,33,6,97188.62,1,0,0,91881.29,0,2,1,0,-1
614,Spain,Female,25,10,75212.28,1,1,0,58965.04,0,2,0,0,-1
453,France,Male,29,6,0.0,1,0,0,198376.02,1,0,1,1,-1
655,France,Female,45,7,57327.04,1,0,1,47349.0,0,0,0,0,-1
456,France,Female,63,1,165350.61,2,0,0,140758.07,1,0,0,2,-1
646,Germany,Female,30,10,100548.67,2,0,0,136983.77,0,1,0,2,-1
445,Spain,Male,45,10,0.0,2,0,1,90977.48,0,2,1,1,-1
790,France,Female,33,10,135120.72,1,0,0,195204.99,0,0,0,2,-1
771,Spain,Male,18,1,0.0,2,0,0,41542.95,0,2,1,1,-1
849,France,Male,69,7,71996.09,1,1,1,139065.94,0,0,1,0,-1
453,Spain,Female,42,5,0.0,3,1,0,83008.49,1,2,0,1,-1
408,France,Female,84,8,87873.39,1,0,0,188484.52,1,0,0,0,-1
675,France,Female,61,5,62055.17,3,1,0,166305.16,1,0,0,1,-1
817,France,Male,44,8,0.0,1,0,0,65501.91,1,0,1,1,-1
491,Spain,Female,61,8,0.0,2,0,1,139861.53,0,2,0,1,-1
847,France,Male,51,5,97565.74,1,0,0,144184.06,1,0,1,0,-1
640,France,Female,66,9,116037.76,1,0,1,184636.05,0,0,0,0,-1
757,France,Male,23,2,80673.96,2,1,0,93991.65,0,0,1,1,-1
778,Germany,Male,31,9,182275.23,2,1,0,190631.23,0,1,1,3,-1
506,Germany,Male,28,8,53053.76,1,0,1,24577.34,0,1,1,0,-1
489,Spain,Male,40,3,221532.8,1,1,0,171867.08,0,2,1,2,-1
555,Germany,Female,62,10,114822.64,1,0,1,8444.5,0,1,0,0,-1
667,Spain,Male,77,2,0.0,1,1,1,34702.92,0,2,1,1,-1
746,France,Female,21,8,166883.07,2,0,1,194563.65,0,0,0,0,-1
415,France,Male,46,9,134950.19,3,0,0,178587.36,1,0,1,2,-1
798,France,Female,60,6,96956.1,1,1,0,31907.44,1,0,0,0,-1
489,Germany,Female,46,8,92060.06,1,1,0,147222.95,1,1,0,0,-1
493,Germany,Female,35,8,178317.6,1,0,0,197428.64,0,1,0,2,-1
656,France,Male,46,9,143267.14,2,0,0,193099.43,0,0,1,2,-1
739,Spain,Male,19,5,89750.21,1,1,0,193008.52,0,2,1,0,-1
845,Spain,Female,52,0,0.0,1,1,0,31726.76,1,2,0,1,-1
788,France,Male,55,3,0.0,1,0,1,13288.46,1,0,1,1,-1
770,France,Female,70,9,110738.89,1,1,0,22666.77,1,0,0,2,-1
729,France,Male,67,2,94203.8,1,0,1,102391.06,0,0,1,0,-1
732,France,Male,79,10,61811.23,1,1,1,104222.8,0,0,1,0,-1
688,Germany,Female,46,0,74458.25,1,0,1,6866.31,0,1,0,0,-1
701,Spain,Female,21,9,0.0,2,1,1,26327.42,0,2,0,1,-1
850,Spain,Male,22,3,0.0,1,1,1,144385.54,0,2,1,1,-1
706,France,Male,18,2,176139.5,2,1,0,129654.22,0,0,1,2,-1
590,France,Female,76,5,160979.68,1,0,1,13848.58,0,0,0,0,-1
745,Germany,Male,48,10,96048.55,1,1,0,74510.65,0,1,1,0,-1
749,France,Male,37,10,185063.7,2,1,1,134526.87,0,0,1,0,-1
504,France,Female,73,8,0.0,1,1,1,34595.58,0,0,0,1,-1
739,Germany,Male,40,5,149131.03,3,1,1,60036.99,1,1,1,0,-1
709,Germany,Male,22,0,112949.71,1,0,0,155231.55,0,1,1,2,-1
817,Germany,Female,46,0,89087.89,1,0,1,87941.85,1,1,0,0,-1
850,France,Female,62,1,124678.35,1,1,0,70916.0,1,0,0,2,-1
749,Germany,Female,29,7,137059.05,3,1,0,102975.72,1,1,0,2,-1
781,France,Female,27,7,186558.55,1,1,1,175071.29,1,0,0,3,-1
447,France,Female,32,10,0.0,1,1,1,151815.76,0,0,0,1,-1
427,France,Male,33,8,0.0,1,1,1,13858.95,0,0,1,1,-1
835,Spain,Male,38,7,86824.09,1,0,0,175905.97,0,2,1,0,-1
682,France,Female,64,10,128306.7,1,0,1,66040.83,0,0,0,0,-1
584,Spain,Male,36,4,82696.09,2,0,0,83058.14,0,2,1,1,-1
698,France,Male,47,5,156265.31,2,0,0,1055.66,0,0,1,2,-1
749,France,Female,35,3,0.0,3,1,1,132649.85,0,0,0,1,-1
850,France,Male,61,1,0.0,1,1,0,53067.83,1,0,1,1,-1
528,Germany,Male,22,5,93547.23,2,0,1,961.57,0,1,1,0,-1
850,Germany,Male,51,4,124425.99,1,0,0,118545.49,1,1,1,2,-1
668,Spain,Male,34,0,0.0,1,0,0,99984.86,0,2,1,1,-1
725,France,Female,44,10,0.0,1,0,1,93777.61,0,0,0,1,-1
608,Spain,Female,56,5,0.0,2,0,1,153810.41,0,2,0,1,-1
774,France,Male,76,4,112510.89,1,1,1,143133.18,0,0,1,0,-1
850,France,Female,29,10,0.0,2,1,1,199775.67,0,0,0,1,-1
734,Spain,Female,39,6,92126.26,2,0,0,112973.34,0,2,0,1,-1
645,Spain,Female,49,5,110132.55,3,0,1,187689.91,1,2,0,1,-1
653,France,Female,60,2,120731.39,4,1,1,138160.11,1,0,0,1,-1
783,Spain,Male,38,1,0.0,3,1,1,80178.54,1,2,1,1,-1
679,Germany,Female,32,0,88335.05,1,0,0,159584.81,0,1,0,0,-1
778,France,Female,33,9,151772.63,2,0,0,180249.94,1,0,0,3,-1
588,France,Female,64,3,0.0,1,1,1,189703.65,0,0,0,1,-1
670,Germany,Female,33,9,84521.48,2,0,1,198017.05,0,1,0,0,-1
741,France,Female,21,9,0.0,2,0,1,139259.54,0,0,0,1,-1
431,France,Male,63,6,160982.89,1,1,1,168008.17,0,0,1,0,-1
620,France,Female,70,3,87926.24,2,1,0,33350.26,1,0,0,1,-1
539,Spain,Male,36,6,0.0,3,1,1,118959.64,0,2,1,1,-1
580,Spain,Female,65,1,0.0,2,0,1,103182.46,0,2,0,1,-1
707,Spain,Female,32,4,132835.56,1,0,0,136877.24,0,2,0,2,-1
736,Germany,Female,25,9,81732.88,2,1,0,136497.28,0,1,0,1,-1
716,Germany,Male,66,5,121411.9,1,0,0,10070.4,1,1,1,2,-1
748,Spain,Male,58,9,122330.7,2,0,1,124429.19,0,2,1,0,-1
554,Germany,Male,43,5,99906.89,1,0,0,24983.39,0,1,1,0,-1
807,France,Female,47,9,167664.83,1,0,0,125440.11,1,0,0,3,-1
597,Germany,Female,60,0,78539.84,1,0,1,48502.88,0,1,0,0,-1
663,Germany,Male,49,7,116150.65,3,1,1,84358.71,1,1,1,1,-1
748,Spain,Female,23,8,85600.08,1,0,0,134077.71,0,2,0,0,-1
536,France,Female,22,5,89492.62,1,0,0,42934.43,0,0,0,0,-1
496,Germany,Female,59,7,91680.1,2,1,0,163141.18,1,1,0,1,-1
730,Germany,Male,38,0,38848.19,2,0,0,94003.11,0,1,1,1,-1
809,Spain,Male,80,8,0.0,2,0,1,34164.05,0,2,1,1,-1
446,France,Female,39,1,90217.07,1,1,0,191350.48,0,0,0,0,-1
514,Spain,Male,66,9,0.0,2,1,1,14234.31,0,2,1,1,-1
720,Germany,Female,57,1,162082.31,4,0,0,27145.73,1,1,0,2,-1
641,Germany,Female,51,2,117306.69,4,1,1,26912.72,1,1,0,1,-1
811,France,Male,46,9,180226.24,1,1,0,13464.64,1,0,1,3,-1
655,France,Female,20,7,134397.61,1,0,0,28029.54,0,0,0,2,-1
762,Germany,Male,56,10,100260.88,3,1,1,77142.42,1,1,1,1,-1
841,France,Female,52,5,0.0,1,0,0,183239.71,1,0,0,1,-1
793,France,Female,63,9,116270.72,1,1,1,184243.25,0,0,0,0,-1
602,France,Female,56,3,115895.22,3,1,0,4176.17,1,0,0,2,-1
529,Spain,Male,31,6,0.0,1,1,0,10625.91,0,2,1,1,-1
626,Germany,Male,39,10,132287.92,3,1,1,51467.92,1,1,1,0,-1
676,Spain,Male,48,1,131659.59,2,0,1,14152.15,0,2,1,0,-1
810,France,Female,38,9,153166.17,1,1,1,93261.69,0,0,0,3,-1
581,Spain,Male,30,0,53291.86,1,0,0,196582.28,0,2,1,0,-1
778,Germany,Female,29,6,150358.97,1,1,0,62454.01,1,1,0,3,-1
755,Germany,Male,40,2,137430.82,2,0,0,176768.59,0,1,1,2,-1
850,France,Male,55,6,0.0,1,1,0,944.41,1,0,1,1,-1
580,France,Female,23,5,113923.81,2,0,0,196241.43,0,0,0,2,-1
712,Spain,Male,52,9,0.0,1,1,1,117977.45,1,2,1,1,-1
540,Spain,Female,28,6,84121.04,1,0,1,80698.54,0,2,0,0,-1
712,France,Female,29,3,87375.78,2,0,0,166194.53,0,0,0,1,-1
651,France,Male,44,2,0.0,3,1,0,102530.35,1,0,1,1,-1
841,Germany,Female,33,7,154969.79,2,1,1,99505.75,0,1,0,3,-1
749,Germany,Male,66,6,182532.23,2,1,1,195429.92,0,1,1,0,-1
623,France,Female,39,1,160903.2,1,0,0,78774.36,0,0,0,2,-1
695,Germany,Female,53,8,95231.91,1,0,0,70140.8,1,1,0,0,-1
850,Spain,Male,62,5,0.0,2,1,1,180243.56,0,2,1,1,-1
850,France,Female,38,0,106831.69,1,0,1,148977.72,0,0,0,0,-1
751,France,Male,29,3,159597.45,1,1,0,39934.41,0,0,1,3,-1
850,Spain,Female,45,5,174088.3,4,1,0,5669.31,1,2,0,3,-1
850,Spain,Male,34,8,199229.14,1,0,0,68106.29,0,2,1,3,-1
673,Germany,Female,69,3,78833.15,2,1,1,37196.15,0,1,0,0,-1
568,France,Male,51,4,0.0,3,1,1,66586.56,0,0,1,1,-1
598,Germany,Male,59,8,118210.42,2,0,0,60192.14,1,1,1,2,-1
850,Spain,Female,31,3,121237.65,1,1,1,31022.56,0,2,0,0,-1
625,Spain,Female,57,7,0.0,1,0,0,84106.17,1,2,0,1,-1
604,France,Female,47,8,62094.71,3,0,0,9308.1,1,0,0,1,-1
437,Spain,Male,28,2,109161.25,1,1,0,152987.42,0,2,1,2,-1
792,Spain,Male,47,0,0.0,1,1,1,5557.88,1,2,1,1,-1
789,France,Female,53,1,158271.74,1,1,1,5036.39,1,0,0,3,-1
589,Germany,Female,19,9,83495.11,1,1,1,143022.31,1,1,0,0,-1
670,France,Female,41,10,0.0,3,1,0,81602.02,0,0,0,1,-1
793,Spain,Male,63,0,0.0,2,0,1,27166.75,0,2,1,1,-1
637,Spain,Female,54,5,0.0,1,0,1,150836.98,0,2,0,1,-1
596,Spain,Female,76,9,134208.25,1,1,1,13455.43,0,2,0,0,-1
790,Spain,Female,37,3,0.0,3,0,0,98897.32,0,2,0,1,-1
587,France,Male,40,2,0.0,4,0,1,106174.7,1,0,1,1,-1
746,Spain,Male,24,10,68781.82,1,0,1,47997.39,0,2,1,0,-1
753,France,Male,46,8,0.0,3,1,0,90747.94,1,0,1,1,-1
766,Germany,Female,62,7,142724.48,1,0,1,5893.23,1,1,0,0,-1
487,France,Female,53,10,89550.85,1,0,1,90076.85,0,0,0,0,-1
538,Spain,Male,68,9,0.0,2,1,0,110440.5,1,2,1,1,-1
770,Spain,Male,46,9,190678.02,1,1,1,14725.36,0,2,1,3,-1
646,Spain,Male,69,10,115462.44,1,1,0,40421.87,0,2,1,2,-1
850,Spain,Male,44,7,89118.26,1,1,0,104240.77,1,2,1,0,-1
673,Germany,Female,77,10,76510.52,2,0,1,59595.66,0,1,0,0,-1
714,Spain,Male,27,3,0.0,3,1,1,129130.09,0,2,1,1,-1
708,Spain,Female,64,5,0.0,3,0,1,112520.07,1,2,0,1,-1
549,Germany,Male,54,5,92877.33,1,1,0,2619.64,1,1,1,0,-1
528,France,Female,26,10,102073.67,2,0,0,166799.93,0,0,0,2,-1
686,Spain,Male,45,3,74274.87,3,1,0,64907.48,1,2,1,1,-1
564,France,Male,26,7,84006.88,2,0,0,183490.99,0,0,1,1,-1
662,France,Male,74,6,0.0,2,1,0,123583.85,0,0,1,1,-1
850,Germany,Male,41,8,60880.68,1,1,0,31825.84,0,1,1,1,-1
757,France,Female,71,0,88084.13,2,1,1,154337.47,0,0,0,0,-1
438,Germany,Male,59,7,127197.14,1,1,0,51565.98,1,1,1,2,-1
622,France,Female,39,9,83456.79,2,0,0,38882.34,0,0,0,1,-1
553,Spain,Female,39,1,142876.98,2,1,0,44363.42,0,2,0,2,-1
787,France,Male,51,0,58137.08,1,0,1,142538.31,0,0,1,0,-1
775,Germany,Female,38,6,179886.41,2,0,0,153122.58,0,1,0,3,-1
479,Germany,Male,24,6,107637.97,2,0,1,169505.83,0,1,1,0,-1
721,Germany,Male,68,4,136525.99,1,0,0,175399.14,0,1,1,2,-1
845,Spain,Female,38,2,112803.92,1,1,0,179631.85,0,2,0,2,-1
602,Germany,Female,43,2,113641.49,4,1,0,115116.35,1,1,0,2,-1
771,France,Female,23,7,156123.73,1,1,0,72990.62,0,0,0,3,-1
672,Germany,Male,68,0,126061.51,2,1,1,184936.77,0,1,1,0,-1
812,Spain,Female,49,8,66079.45,2,0,0,91556.57,1,2,0,1,-1
672,Germany,Female,23,10,110741.56,1,1,0,80778.5,0,1,0,2,-1
850,Germany,Female,70,1,96947.58,3,1,0,62282.99,1,1,0,1,-1
437,France,Female,39,0,102721.49,1,0,0,22191.82,0,0,0,2,-1
826,Spain,Female,56,8,174506.1,2,0,1,161802.82,1,2,0,3,-1
660,Germany,Female,23,6,166070.48,2,0,0,90494.72,0,1,0,2,-1
771,Germany,Male,32,9,77487.2,1,0,0,33143.04,0,1,1,0,-1
512,France,Female,75,2,0.0,1,1,0,123304.62,0,0,0,1,-1
597,Spain,Female,66,3,0.0,1,1,1,70532.53,0,2,0,1,-1
634,France,Female,45,2,0.0,4,1,0,101039.53,1,0,0,1,-1
497,Germany,Female,32,8,111537.23,4,1,1,9497.99,1,1,0,1,-1
652,Germany,Male,46,10,121063.8,3,1,0,151481.86,1,1,1,2,-1
798,France,Male,34,9,154495.79,1,1,0,191395.88,0,0,1,3,-1
548,Spain,Male,38,0,178056.54,2,1,0,38434.73,0,2,1,2,-1
850,Spain,Male,39,6,206014.94,2,0,1,42774.84,1,2,1,3,-1
850,Germany,Male,37,9,122506.38,1,0,1,199693.84,1,1,1,0,-1
537,France,Male,59,9,0.0,2,0,0,103799.77,1,0,1,1,-1
528,Germany,Female,62,7,133201.17,1,0,0,168507.68,1,1,0,2,-1
705,Germany,Female,64,3,153469.26,3,0,0,146573.66,1,1,0,2,-1
697,Spain,Female,40,7,130334.35,2,0,1,116951.1,0,2,0,0,-1
534,France,Male,52,1,0.0,3,1,1,104035.41,1,0,1,1,-1
635,France,Female,78,6,47536.4,1,1,1,119400.08,0,0,0,0,-1
650,France,Female,31,1,160566.11,2,0,0,27073.81,0,0,0,2,-1
681,France,Male,25,5,0.0,1,0,1,90860.97,0,0,1,1,-1
797,France,Female,55,10,0.0,4,1,1,49418.87,1,0,0,1,-1
748,France,Female,49,7,29602.08,1,0,0,163550.58,1,0,0,1,-1
567,Spain,Male,43,2,115643.58,2,0,0,174606.35,0,2,1,2,-1
510,France,Female,45,10,103821.47,2,0,1,77878.62,0,0,0,0,-1
850,Germany,Male,49,8,98649.55,1,1,0,119174.88,1,1,1,0,-1
789,France,Female,27,8,66201.96,1,1,1,79458.12,0,0,0,0,-1
446,Germany,Male,25,3,136202.78,1,1,0,176743.51,0,1,1,2,-1
597,France,Female,60,0,131778.08,1,0,0,10703.53,1,0,0,2,-1
712,Spain,Male,74,5,0.0,2,0,0,151425.82,0,2,1,1,-1
805,Germany,Female,26,8,42712.87,2,1,1,28861.69,0,1,0,1,-1
524,Germany,Female,25,7,131402.21,1,0,0,193668.49,0,1,0,2,-1
578,Germany,Female,31,5,102088.68,4,0,0,187866.21,1,1,0,2,-1
780,France,Female,43,0,0.0,1,0,1,15705.27,0,0,0,1,-1
652,Spain,Male,58,6,0.0,2,0,1,170025.43,0,2,1,1,-1
616,Germany,Female,45,6,128352.59,3,1,1,144000.59,1,1,0,0,-1
850,Germany,Male,41,1,176958.46,2,0,1,125806.3,0,1,1,3,-1
706,Germany,Female,48,10,104478.12,3,0,1,158248.71,1,1,0,1,-1
537,Spain,Male,42,1,190569.23,1,0,1,127154.8,0,2,1,0,-1
536,Spain,Male,53,2,143923.96,1,1,0,2019.78,1,2,1,2,-1
844,Spain,Male,56,5,99529.7,1,0,1,157230.06,1,2,1,0,-1
652,France,Male,27,10,107303.72,2,0,0,44435.76,0,0,1,2,-1
660,France,Male,33,0,72783.42,1,0,0,181051.99,0,0,1,0,-1
692,Spain,Female,44,8,0.0,1,0,1,159069.37,0,2,0,1,-1
533,Germany,Female,22,10,115743.6,1,0,0,43852.05,0,1,0,2,-1
754,France,Male,39,3,74896.33,1,0,0,34430.16,0,0,1,0,-1
567,France,Female,23,9,93522.2,1,0,1,81425.61,0,0,0,0,-1
646,France,Male,18,10,0.0,2,0,1,52795.15,0,0,1,1,-1
702,France,Female,40,1,103549.24,1,0,0,9712.52,1,0,0,2,-1
511,Spain,Female,57,8,122950.31,1,1,1,181258.76,0,2,0,0,-1
663,Spain,Male,64,6,0.0,2,0,1,15876.52,0,2,1,1,-1
537,Germany,Female,37,7,158411.95,4,1,1,117690.58,1,1,0,1,-1
696,Spain,Female,36,3,0.0,3,1,0,65039.9,0,2,0,1,-1
559,Spain,Female,31,1,139183.06,1,0,1,143360.56,0,2,0,0,-1
613,Germany,Male,40,1,147856.82,3,0,0,107961.11,1,1,1,2,-1
850,Spain,Female,53,7,65407.16,2,0,0,182633.63,1,2,0,1,-1
664,Spain,Female,53,7,187602.18,1,1,0,186392.99,1,2,0,2,-1
621,Spain,Male,34,8,0.0,1,0,0,47972.65,0,2,1,1,-1
775,Germany,Female,77,6,135120.56,1,1,0,37836.64,0,1,0,2,-1
745,France,Female,32,2,0.0,4,0,1,179705.13,1,0,0,1,-1
794,France,Male,24,10,146126.75,1,1,1,88992.05,0,0,1,0,-1
617,France,Female,79,7,0.0,1,1,1,160589.18,0,0,0,1,-1
762,France,Male,32,10,191775.65,1,1,0,179657.83,0,0,1,3,-1
683,Spain,Male,56,7,50911.21,3,0,0,97629.31,1,2,1,1,-1
491,Germany,Male,70,6,148745.92,2,1,1,17818.33,0,1,1,0,-1
490,Germany,Male,33,5,96341.0,2,0,0,108313.34,0,1,1,1,-1
796,France,Male,44,8,165326.2,1,1,1,57205.55,0,0,1,3,-1
663,Spain,Female,22,9,0.0,1,1,0,29135.89,1,2,0,1,-1
645,Spain,Female,55,1,133676.65,1,0,1,17095.49,0,2,0,0,-1
464,France,Female,33,10,147493.7,2,1,0,100447.53,0,0,0,2,-1
669,France,Male,50,4,149713.61,3,1,1,124872.42,1,0,1,0,-1
793,Spain,Male,29,8,96674.55,2,0,0,192120.66,0,2,1,1,-1
437,France,Male,49,9,111634.29,2,0,1,166440.32,0,0,1,0,-1
691,Germany,Female,41,8,109153.96,3,1,1,148848.76,1,1,0,1,-1
707,Germany,Female,51,10,98438.23,1,0,0,70778.63,1,1,0,0,-1
803,France,Female,32,9,192122.84,1,1,1,54277.45,1,0,0,3,-1
673,France,Male,59,0,178058.06,2,0,1,21063.71,1,0,1,0,-1
407,Spain,Male,37,1,0.0,1,1,1,49161.12,1,2,1,1,-1
748,France,Male,60,0,152335.7,1,1,0,126743.33,1,0,1,2,-1
539,Spain,Female,39,6,62052.28,1,0,1,59755.14,0,2,0,0,-1
717,France,Female,36,2,99472.76,2,1,0,94274.72,1,0,0,1,-1
526,Spain,Female,33,8,114634.63,2,1,0,110114.38,1,2,0,2,-1
792,Germany,Male,36,5,115725.24,2,0,0,1871.25,0,1,1,2,-1
817,Germany,Male,58,3,114327.59,2,1,1,42831.11,0,1,1,0,-1
420,Germany,Female,31,1,108377.75,2,1,1,9904.63,0,1,0,0,-1
763,France,Female,38,0,152582.2,2,0,0,31892.82,0,0,0,3,-1
658,France,Male,20,7,0.0,2,0,0,187638.34,0,0,1,1,-1
621,Germany,Male,40,8,174126.75,3,1,0,172490.78,1,1,1,2,-1
604,Spain,Male,41,3,0.0,1,0,0,11819.84,0,2,1,1,-1
638,Spain,Female,55,2,155828.22,1,0,1,108987.25,1,2,0,0,-1
667,Spain,Female,23,6,136100.69,2,0,0,169669.33,1,2,0,2,-1
794,France,Female,62,9,123681.32,3,1,0,173586.63,1,0,0,2,-1
796,Germany,Female,52,9,167194.36,1,1,1,62808.93,1,1,0,3,-1
834,Germany,Female,68,9,130169.27,2,0,1,93112.2,0,1,0,0,-1
554,Spain,Female,46,7,87603.35,3,0,1,96929.24,1,2,0,1,-1
575,Germany,Male,49,7,121205.15,4,1,1,168080.53,1,1,1,1,-1
480,Spain,Male,47,8,75408.33,1,1,0,25887.89,1,2,1,0,-1
823,Germany,Female,53,4,124954.94,1,0,1,131259.6,1,1,0,0,-1
491,Germany,Female,68,1,95039.12,1,0,1,116471.14,1,1,0,0,-1
562,Germany,Male,33,8,92659.2,2,1,0,1354.25,0,1,1,1,-1
536,France,Female,61,8,65190.29,1,1,1,64308.49,1,0,0,0,-1
829,Spain,Male,50,7,0.0,2,0,1,178458.86,0,2,1,1,-1
755,France,Female,29,3,0.0,3,1,0,4733.94,0,0,0,1,-1
640,Spain,Male,36,4,0.0,1,0,0,173016.46,0,2,1,1,-1
767,Germany,Male,23,2,139542.82,1,0,1,28038.28,0,1,1,0,-1
753,Germany,Female,46,3,111512.75,3,1,0,159576.75,1,1,0,2,-1
849,Germany,Male,41,10,84622.13,1,1,1,198072.16,0,1,1,0,-1
712,Spain,Female,79,5,108078.56,1,1,1,174118.93,0,2,0,0,-1
724,Spain,Female,41,4,142880.28,3,0,0,185541.2,1,2,0,2,-1
719,Spain,Male,50,2,0.0,2,0,0,10772.13,0,2,1,1,-1
740,Spain,Male,43,9,0.0,1,1,0,199290.68,1,2,1,1,-1
543,France,Male,42,4,89838.71,3,1,0,85983.54,1,0,1,1,-1
650,Germany,Female,55,2,140891.46,3,1,1,179834.45,1,1,0,0,-1
705,Spain,Female,46,5,89364.91,1,0,1,139162.15,0,2,0,0,-1
662,Spain,Male,20,9,104508.77,2,0,0,73107.53,0,2,1,2,-1
847,Spain,Female,37,9,112712.17,1,1,0,116097.26,0,2,0,2,-1
754,France,Female,47,1,185513.67,1,1,0,27438.83,0,0,0,3,-1
678,France,Male,60,8,185648.56,1,0,0,192156.54,1,0,1,2,-1
757,France,Male,31,10,39539.39,2,0,0,192519.39,0,0,1,1,-1
663,France,Male,26,5,141462.13,1,1,0,440.2,0,0,1,2,-1
832,Spain,Male,29,8,93833.86,1,0,1,10417.87,0,2,1,0,-1
542,Spain,Male,54,8,105770.14,1,0,1,140929.98,1,2,1,0,-1
654,Spain,Female,54,5,0.0,2,0,1,47139.06,0,2,0,1,-1
508,France,Female,38,3,166328.65,2,0,1,22614.19,0,0,0,0,-1
439,France,Female,66,9,0.0,1,1,0,65535.56,0,0,0,1,-1
850,France,Female,55,10,98488.08,1,1,0,155879.57,1,0,0,0,-1
717,Germany,Female,64,10,98362.35,2,1,1,21630.21,0,1,0,0,-1
698,France,Female,51,6,144237.91,4,1,0,157143.61,1,0,0,2,-1
762,Spain,Female,69,9,183744.98,1,1,1,196993.69,0,2,0,3,-1
842,Spain,Male,46,9,0.0,1,0,0,17268.02,0,2,1,1,-1
850,France,Male,33,7,140956.99,1,0,0,3510.18,0,0,1,2,-1
455,Spain,Female,43,6,0.0,1,1,1,81250.79,0,2,0,1,-1
850,Germany,Male,22,7,91560.58,2,0,0,10541.38,0,1,1,1,-1
569,Spain,Male,43,8,161546.68,2,0,1,178187.28,0,2,1,0,-1
663,Spain,Male,30,4,0.0,3,1,0,101371.05,0,2,1,1,-1
826,Spain,Male,41,5,146466.46,2,0,0,180934.67,0,2,1,2,-1
696,France,Male,27,4,87637.26,2,0,0,196111.35,0,0,1,1,-1
804,France,Female,71,8,0.0,2,0,1,147995.96,0,0,0,1,-1
512,Germany,Male,42,9,93955.83,2,1,0,14828.54,0,1,1,1,-1
430,France,Female,33,8,0.0,1,1,1,69759.91,0,0,0,1,-1
756,France,Male,28,8,179960.2,1,1,0,89938.08,0,0,1,3,-1
571,Germany,Male,37,9,139592.98,3,1,0,104152.65,1,1,1,2,-1
662,Spain,Female,72,7,140301.72,1,0,1,179258.67,0,2,0,0,-1
822,France,Male,38,6,128289.7,3,1,0,9149.96,1,0,1,2,-1
645,France,Female,68,9,0.0,4,1,1,176353.87,1,0,0,1,-1
462,Germany,Female,24,9,69881.09,2,0,1,64421.02,0,1,0,1,-1
463,Spain,Male,20,8,204223.03,1,1,0,128268.39,0,2,1,2,-1
799,France,Female,63,1,110314.21,2,1,0,37464.0,1,0,0,2,-1
713,Spain,Female,48,1,163760.82,1,0,0,157381.14,1,2,0,2,-1
807,Germany,Female,31,1,141069.18,3,1,1,194257.11,0,1,0,0,-1
582,France,Male,52,2,151457.88,1,0,1,40893.61,0,0,1,0,-1
547,Spain,Female,44,5,0.0,3,0,0,5459.07,1,2,0,1,-1
386,Spain,Female,53,1,131955.07,1,1,1,62514.65,1,2,0,0,-1
572,Germany,Male,51,8,97750.07,3,1,1,193014.26,1,1,1,1,-1
543,France,Female,71,1,104308.77,1,1,1,25650.04,0,0,0,0,-1
531,Spain,Female,42,6,75302.85,2,0,0,57034.35,0,2,0,1,-1
449,Spain,Female,31,1,113693.0,1,0,0,82796.29,0,2,0,2,-1
783,France,Female,72,5,121215.9,2,1,1,105206.48,0,0,0,0,-1
743,Germany,Male,45,10,144677.19,3,1,0,22512.44,1,1,1,2,-1
850,Germany,Female,25,8,69385.17,2,1,0,87834.24,0,1,0,1,-1
815,Spain,Female,57,5,0.0,3,0,0,38941.44,1,2,0,1,-1
807,Germany,Male,47,1,171937.27,1,1,1,65636.92,0,1,1,3,-1
771,Spain,Male,51,5,135506.58,3,1,1,152479.64,1,2,1,0,-1
670,Germany,Female,42,5,49508.79,3,1,1,100324.01,0,1,0,1,-1
538,France,Female,62,3,75051.49,1,0,0,17682.02,1,0,0,0,-1
606,Spain,Female,23,10,70417.79,1,0,1,90896.04,0,2,0,0,-1
850,Spain,Male,38,1,146343.98,1,0,1,103902.11,0,2,1,0,-1
642,France,Male,72,1,160541.0,2,1,1,142223.94,0,0,1,0,-1
642,France,Male,48,9,118317.27,4,0,0,78702.98,1,0,1,2,-1
669,Spain,Male,22,10,0.0,2,1,0,176163.74,0,2,1,1,-1
574,Germany,Male,54,1,99774.5,1,0,0,4896.11,1,1,1,0,-1
735,France,Female,38,1,0.0,3,0,0,92220.12,1,0,0,1,-1
723,France,Female,40,7,142856.95,2,0,0,38019.74,0,0,0,2,-1
531,Germany,Female,64,2,175754.87,2,1,1,60721.4,0,1,0,0,-1
682,Spain,Female,54,0,83102.72,2,1,1,54132.93,0,2,0,0,-1
726,Germany,Male,50,9,94504.35,1,0,1,5078.9,0,1,1,0,-1
558,France,Female,45,1,153697.53,2,0,0,89891.4,1,0,0,2,-1
531,Spain,Male,31,2,118899.45,2,0,0,41409.36,0,2,1,2,-1
647,Germany,Female,41,1,85906.65,3,1,0,189159.97,0,1,0,1,-1
787,Germany,Female,38,3,158373.23,1,1,1,28228.35,0,1,0,3,-1
828,Spain,Male,47,1,109876.82,2,1,0,83611.45,1,2,1,2,-1
655,Spain,Female,78,2,0.0,2,0,1,188435.38,0,2,0,1,-1
383,Spain,Female,48,8,95808.19,1,0,0,137702.01,1,2,0,0,-1
815,France,Male,37,1,166115.42,1,1,0,67208.3,0,0,1,3,-1
817,France,Female,37,6,81070.34,2,1,0,80985.88,0,0,0,1,-1
641,France,Female,53,0,123835.52,2,0,1,160110.65,0,0,0,0,-1
648,Germany,Female,32,8,157138.99,3,1,0,190994.48,1,1,0,2,-1
717,Germany,Female,28,9,82498.14,2,0,0,40437.67,0,1,0,1,-1
609,Germany,Male,33,6,94126.67,1,0,0,93718.16,0,1,1,0,-1
583,Germany,Female,26,10,72835.56,2,1,0,96792.15,0,1,0,1,-1
771,Spain,Female,56,2,0.0,1,1,1,25222.6,1,2,0,1,-1
569,Germany,Male,35,2,109196.66,3,1,0,109393.19,1,1,1,2,-1
684,Spain,Female,38,3,134168.5,3,1,0,3966.5,1,2,0,2,-1
494,Spain,Male,67,5,0.0,2,1,1,85890.16,0,2,1,1,-1
816,Germany,Female,25,2,150355.35,2,1,1,35770.84,0,1,0,3,-1
775,Germany,Male,25,10,60205.2,2,1,0,14073.11,0,1,1,1,-1
597,Spain,Male,35,9,0.0,3,0,1,73181.39,1,2,1,1,-1
786,France,Male,37,7,165896.22,2,1,1,66977.68,0,0,1,3,-1
641,Germany,Male,41,7,104405.54,3,1,0,17384.21,0,1,1,2,-1
623,Spain,Female,40,4,0.0,3,1,0,31669.18,0,2,0,1,-1
520,France,Female,29,8,95947.76,1,1,0,4696.44,0,0,0,0,-1
621,Spain,Female,37,9,83061.26,2,1,0,9170.54,0,2,0,1,-1
477,Germany,Female,24,2,95675.62,2,0,0,162699.7,1,1,0,1,-1
496,France,Male,30,0,90963.49,1,0,1,27802.0,0,0,1,0,-1
667,Spain,Male,71,4,137260.78,1,0,1,94433.08,1,2,1,0,-1
743,France,Female,73,6,0.0,2,0,1,107867.38,0,0,0,1,-1
639,Spain,Male,34,5,139393.19,2,0,0,33950.08,0,2,1,2,-1
766,France,Female,26,3,104258.8,1,1,1,428.23,0,0,0,0,-1
757,Germany,Female,30,6,161378.02,1,0,0,71926.28,1,1,0,3,-1
644,Spain,Female,46,6,12459.19,1,0,0,156787.34,1,2,0,1,-1
447,France,Male,41,3,0.0,4,1,1,197490.39,1,0,1,1,-1
746,France,Male,25,9,0.0,2,0,1,88728.47,0,0,1,1,-1
507,France,Female,33,1,113452.66,1,0,0,142911.99,0,0,0,2,-1
829,France,Female,22,7,150126.44,1,1,0,152107.93,1,0,0,3,-1
836,Spain,Female,41,7,150302.84,1,1,1,156036.19,0,2,0,3,-1
645,France,Female,45,8,85325.93,1,0,0,22558.74,0,0,0,0,-1
747,Germany,Male,37,9,135776.36,3,1,0,85470.45,1,1,1,2,-1
520,France,Male,30,3,143396.54,2,1,1,898.51,0,0,1,0,-1
689,Germany,Female,55,1,76296.81,1,1,0,42364.75,1,1,0,0,-1
809,Germany,Female,42,6,64497.94,3,0,1,182436.81,1,1,0,1,-1
732,Spain,Male,54,0,134249.7,1,0,1,13404.4,0,2,1,0,-1
584,Spain,Female,50,1,0.0,1,0,1,152567.75,1,2,0,1,-1
684,France,Male,60,2,116563.58,1,1,0,120257.7,1,0,1,2,-1
613,Germany,Male,69,9,78778.49,1,0,1,8751.59,0,1,1,0,-1
636,Spain,Male,36,1,0.0,3,1,1,74048.1,1,2,1,1,-1
709,Spain,Female,37,8,0.0,3,1,0,71738.56,0,2,0,1,-1
850,France,Female,35,6,81684.97,1,1,0,824.0,0,0,0,0,-1
530,Germany,Male,33,9,75242.28,1,0,1,101694.67,0,1,1,0,-1
596,Germany,Male,40,5,62389.03,3,1,0,148623.43,1,1,1,1,-1
453,France,Female,37,4,131834.76,2,1,0,8949.2,0,0,0,2,-1
748,France,Male,40,3,95297.11,1,0,0,171515.84,0,0,1,0,-1
479,France,Female,33,2,208165.53,1,0,0,50774.81,1,0,0,2,-1
658,Spain,Male,21,7,0.0,2,0,1,154279.87,0,2,1,1,-1
794,Spain,Male,31,0,144880.34,2,0,1,175643.44,0,2,1,0,-1
732,France,Male,55,9,136576.02,1,0,1,3268.17,1,0,1,0,-1
495,France,Female,38,2,63093.01,1,1,1,47089.72,0,0,0,0,-1
583,France,Female,27,4,0.0,3,1,0,163113.41,0,0,0,1,-1
692,Germany,Male,45,6,142084.04,4,1,0,188305.85,1,1,1,2,-1
679,France,Male,47,10,198546.1,2,1,0,191198.92,1,0,1,2,-1
508,Spain,Male,54,10,0.0,1,1,1,175749.36,0,2,1,1,-1
850,Spain,Male,38,7,115378.94,1,0,1,162087.82,0,2,1,0,-1
834,Germany,Female,57,8,112281.6,3,1,0,140225.14,1,1,0,2,-1
612,Germany,Male,76,6,96166.88,1,1,1,191393.26,0,1,1,0,-1
850,Germany,Female,40,7,104449.8,1,1,1,747.88,0,1,0,0,-1
773,Spain,Male,37,2,103195.2,2,1,0,178268.36,0,2,1,2,-1
537,France,Female,38,10,0.0,1,0,0,52337.97,1,0,0,1,-1
677,France,Female,24,0,148298.59,2,0,0,182913.95,0,0,0,2,-1
668,France,Female,53,10,110240.04,1,0,0,183980.56,1,0,0,2,-1
629,France,Female,37,10,99546.25,3,0,1,25136.95,1,0,0,1,-1
708,Spain,Male,19,7,112615.86,1,1,1,4491.77,0,2,1,0,-1
521,Spain,Female,22,10,0.0,1,1,1,101311.95,0,2,0,1,-1
636,France,Female,24,9,0.0,2,0,1,38830.72,0,0,0,1,-1
850,Germany,Male,38,7,101985.81,2,0,0,43801.27,0,1,1,2,-1
593,Germany,Male,69,2,187013.13,2,0,1,105898.69,0,1,1,0,-1
452,Germany,Male,52,1,98443.14,2,0,0,92033.98,0,1,1,0,-1
479,Germany,Female,23,9,123575.51,1,0,1,95148.28,0,1,0,0,-1
754,Spain,Male,39,7,157691.98,2,1,0,133600.89,1,2,1,3,-1
576,Spain,Male,52,2,100549.43,2,1,1,16644.16,0,2,1,0,-1
833,Spain,Male,32,6,0.0,1,1,1,44323.22,1,2,1,1,-1
655,France,Male,28,10,0.0,2,0,1,126565.21,0,0,1,1,-1
462,Germany,Male,34,1,94682.56,2,1,0,138478.2,0,1,1,1,-1
627,France,Male,73,0,146329.73,1,0,1,43615.67,0,0,1,0,-1
686,France,Male,60,9,0.0,3,1,1,75246.21,1,0,1,1,-1
779,Germany,Female,24,10,122200.31,2,1,0,43705.56,0,1,0,2,-1
611,France,Female,30,9,88594.14,1,1,0,196332.45,0,0,0,0,-1
632,Germany,Male,41,8,127205.32,4,1,0,93874.87,1,1,1,2,-1
727,Spain,Female,31,10,96997.09,2,0,0,76614.04,0,2,0,1,-1
508,France,Female,64,2,0.0,1,1,1,6076.62,0,0,0,1,-1
754,Germany,Female,39,3,160761.41,1,1,1,24156.03,0,1,0,3,-1
756,Germany,Female,26,5,155143.52,1,0,1,135034.57,1,1,0,3,-1
710,Germany,Male,58,7,170113.0,2,0,1,10494.64,0,1,1,0,-1
619,Spain,Female,41,8,0.0,3,1,1,79866.73,1,2,0,1,-1
657,Spain,Male,75,7,126273.95,1,0,1,91673.6,0,2,1,0,-1
579,France,Female,26,10,162482.76,1,1,1,18458.2,0,0,0,0,-1
568,Germany,Male,43,5,87612.64,4,1,1,107155.4,1,1,1,1,-1
769,France,Female,73,1,0.0,1,1,1,29792.11,0,0,0,1,-1
850,Germany,Female,40,4,97990.49,2,0,0,106691.02,0,1,0,1,-1
611,France,Male,53,3,83568.26,1,0,0,1235.49,0,0,1,0,-1
775,Spain,Male,48,4,178144.91,2,0,0,50168.41,1,2,1,3,-1
604,France,Female,56,0,62732.65,1,0,1,124954.56,0,0,0,0,-1
850,Germany,Female,31,3,51293.47,1,0,0,35534.68,0,1,0,1,-1
612,France,Male,41,5,0.0,3,0,0,151256.22,0,0,1,1,-1
802,Spain,Male,51,7,0.0,1,0,1,40855.79,0,2,1,1,-1
807,France,Male,33,10,101952.97,2,1,0,178153.65,0,0,1,2,-1
513,France,Female,45,0,164649.52,3,1,0,49915.52,1,0,0,2,-1
762,Germany,Male,46,6,123571.77,3,0,1,57014.17,1,1,1,0,-1
395,Germany,Female,34,5,106011.59,1,1,1,17376.57,1,1,0,0,-1
547,Germany,Male,55,4,111362.76,3,1,0,16922.28,1,1,1,2,-1
690,Germany,Male,44,9,100368.63,2,0,0,35342.33,0,1,1,2,-1
696,Spain,Male,24,9,0.0,1,0,0,10883.52,0,2,1,1,-1
602,France,Female,72,3,0.0,2,1,1,171260.66,0,0,0,1,-1
757,Spain,Female,55,9,117294.12,4,1,0,94187.47,1,2,0,2,-1
633,Spain,Male,63,4,114552.6,1,1,0,73856.28,1,2,1,2,-1
535,Spain,Female,50,1,140292.58,3,0,0,69531.22,1,2,0,2,-1
807,France,Female,34,1,0.0,1,0,0,114448.13,0,0,0,1,-1
705,France,Male,25,9,0.0,2,0,1,112331.19,0,0,1,1,-1
844,France,Female,41,10,76319.64,1,1,1,141175.18,1,0,0,0,-1
559,Spain,Male,67,9,125919.35,1,1,0,175910.95,1,2,1,2,-1
627,Spain,Female,55,6,0.0,1,0,0,91943.94,1,2,0,1,-1
660,Spain,Female,42,5,0.0,3,1,1,189016.24,1,2,0,1,-1
650,Germany,Female,45,9,152367.21,3,1,0,150835.21,1,1,0,2,-1
413,Germany,Male,39,1,130969.77,2,1,1,158891.79,0,1,1,0,-1
743,Spain,Female,48,5,118207.69,2,0,0,186489.14,1,2,0,2,-1
707,France,Male,35,2,0.0,3,1,1,94148.3,0,0,1,1,-1
524,Spain,Female,64,5,0.0,1,1,0,136079.64,1,2,0,1,-1
611,Spain,Female,28,3,96381.68,2,1,0,181419.29,0,2,0,1,-1
593,Spain,Male,26,9,76226.9,1,1,0,167564.82,0,2,1,0,-1
601,Germany,Male,48,9,163630.76,1,0,1,41816.49,1,1,1,0,-1
806,Germany,Male,30,8,168078.83,1,1,0,85028.36,1,1,1,3,-1
672,Germany,Female,21,1,35741.69,1,1,0,28789.94,0,1,0,1,-1
772,France,Male,47,9,152347.01,1,0,1,17671.78,0,0,1,3,-1
415,Spain,Male,53,5,167259.44,1,1,1,22357.25,0,2,1,0,-1
753,France,Male,92,3,121513.31,1,0,1,195563.99,0,0,1,0,-1
693,Germany,Male,45,2,116546.59,2,0,0,23140.28,1,1,1,2,-1
636,Spain,Female,29,6,157576.47,2,1,1,101102.39,0,2,0,0,-1
497,Germany,Male,41,5,80542.81,1,0,0,88729.22,1,1,1,0,-1
850,France,Male,32,4,156001.68,2,1,1,151677.31,0,0,1,3,-1
841,France,Female,31,3,162701.65,2,1,1,126794.56,0,0,0,3,-1
753,Germany,Female,35,5,82453.96,2,0,0,18254.75,0,1,0,1,-1
617,Germany,Female,39,5,83348.89,3,1,0,7953.62,1,1,0,1,-1
455,Germany,Female,37,6,170057.62,1,0,1,54398.56,0,1,0,0,-1
596,Germany,Male,48,2,131326.47,1,0,0,1140.02,1,1,1,2,-1
850,Germany,Male,42,6,84445.68,3,0,1,60021.34,1,1,1,1,-1
487,France,Male,24,7,133628.09,2,1,1,98570.01,0,0,1,0,-1
513,Spain,Female,41,9,107135.04,2,1,1,160546.58,0,2,0,0,-1
803,France,Female,65,2,151659.52,2,0,1,6930.17,0,0,0,3,-1
607,Spain,Female,32,7,0.0,3,0,1,10674.62,0,2,0,1,-1
521,Spain,Female,49,4,82940.25,2,0,0,62413.01,1,2,0,1,-1
663,France,Female,42,1,82228.67,2,1,0,71359.78,0,0,0,1,-1
651,Germany,Female,35,1,163700.78,3,1,1,29583.48,1,1,0,0,-1
511,Germany,Female,75,9,105609.17,1,0,1,105425.18,0,1,0,0,-1
756,France,Male,67,4,0.0,3,1,1,93081.87,0,0,1,1,-1
433,Spain,Male,27,2,0.0,2,1,1,153698.65,0,2,1,1,-1
781,France,Male,20,0,125023.1,2,1,1,108301.45,0,0,1,0,-1
840,Germany,Female,51,1,87779.83,1,0,1,36687.11,1,1,0,0,-1
662,Spain,Female,54,1,187997.15,1,0,0,111442.71,1,2,0,2,-1
576,Germany,Female,71,6,140273.47,1,1,1,193135.25,1,1,0,0,-1
525,Spain,Female,60,7,0.0,2,0,1,168034.9,0,2,0,1,-1
498,Germany,Male,45,7,109200.74,2,0,1,165990.44,0,1,1,0,-1
477,France,Male,22,5,82559.42,2,0,0,163112.9,1,0,1,1,-1
568,Spain,Male,27,5,126815.97,2,0,1,118648.12,0,2,1,0,-1
661,France,Male,26,8,0.0,2,0,0,196875.87,0,0,1,1,-1
847,France,Male,66,7,123760.68,1,0,1,53157.16,0,0,1,0,-1
685,Spain,Female,42,2,0.0,2,0,0,199992.48,0,2,0,1,-1
600,France,Male,46,10,95502.21,1,0,0,19842.18,0,0,1,0,-1
517,France,Male,56,9,142147.32,1,0,0,39488.04,1,0,1,2,-1
472,Spain,Female,32,1,159397.75,1,0,1,57323.18,0,2,0,0,-1
633,France,Female,60,8,69365.25,1,1,1,10288.24,0,0,0,0,-1
562,France,Female,57,3,0.0,3,1,0,6554.97,1,0,0,1,-1
561,Spain,Male,24,8,143656.55,1,0,1,180932.46,0,2,1,0,-1
436,Germany,Male,45,3,104339.11,2,1,1,183540.22,1,1,1,0,-1
662,France,Male,64,0,98848.19,1,0,1,42730.12,0,0,1,0,-1
850,Germany,Female,66,0,127120.62,1,0,1,118929.64,1,1,0,0,-1
586,France,Female,46,0,0.0,3,0,1,131553.82,1,0,0,1,-1
808,Spain,Female,67,10,124577.15,1,0,1,169894.4,0,2,0,0,-1
663,Spain,Female,58,5,216109.88,1,0,1,74176.71,1,2,0,0,-1
824,Germany,Male,77,3,27517.15,2,0,1,2746.41,0,1,1,1,-1
628,Spain,Male,50,8,0.0,1,0,0,144366.83,1,2,1,1,-1
454,Germany,Female,50,10,92895.56,1,1,0,154344.0,1,1,0,0,-1
631,Spain,Male,46,9,160736.63,1,0,1,93503.02,0,2,1,0,-1
619,France,Female,55,0,0.0,3,0,0,60810.64,1,0,0,1,-1
756,France,Male,31,10,122647.32,1,0,0,61666.87,0,0,1,2,-1
684,Spain,Female,24,9,79263.9,1,0,1,196574.48,0,2,0,0,-1
618,France,Female,42,2,0.0,4,0,0,111097.39,1,0,0,1,-1
705,France,Male,92,1,126076.24,2,1,1,34436.83,0,0,1,0,-1
718,France,Female,67,7,0.0,3,1,1,82782.08,0,0,0,1,-1
762,France,Female,44,7,159316.64,1,0,0,24780.13,0,0,0,3,-1
621,Spain,Female,43,8,0.0,1,0,0,102806.6,0,2,0,1,-1
585,France,Male,55,10,106415.57,3,1,1,122960.98,1,0,1,1,-1
487,Spain,Female,40,6,136093.74,1,0,1,193408.43,0,2,0,0,-1
623,Germany,Male,50,7,126608.37,1,0,1,645.61,1,1,1,0,-1
800,France,Male,60,6,88541.57,2,1,1,131718.12,0,0,1,0,-1
760,France,Male,38,6,162888.73,1,1,0,91098.76,1,0,1,3,-1
802,France,Female,39,7,120145.96,2,0,1,59497.01,1,0,0,0,-1
581,Spain,Female,24,10,159203.71,1,1,1,102517.83,1,2,0,0,-1
529,Spain,Female,44,1,0.0,2,0,0,14161.3,0,2,0,1,-1
765,France,Male,43,9,157960.49,2,0,0,136602.8,0,0,1,3,-1
469,Germany,Female,52,8,139493.25,3,0,0,150093.32,1,1,0,2,-1
600,France,Female,37,4,0.0,3,1,0,7312.25,1,0,0,1,-1
685,Spain,Female,30,2,0.0,3,1,1,172576.43,1,2,0,1,-1
610,France,Female,57,7,72092.95,4,0,1,113228.82,1,0,0,1,-1
850,France,Male,19,8,0.0,1,1,1,68569.89,0,0,1,1,-1
473,France,Female,25,6,110666.42,2,0,0,46758.42,0,0,0,2,-1
490,France,Male,39,1,0.0,3,1,0,171060.01,1,0,1,1,-1
511,Spain,Female,40,1,0.0,1,1,1,184118.73,0,2,0,1,-1
705,Germany,Female,54,3,125889.3,3,1,0,96013.5,1,1,0,2,-1
544,France,Male,48,10,78314.63,3,1,1,103713.93,1,0,1,1,-1
564,France,Female,36,7,206329.65,1,1,1,46632.87,1,0,0,0,-1
781,France,Female,48,0,57098.96,1,1,0,85644.06,1,0,0,1,-1
751,France,Male,30,3,165257.2,1,0,0,134822.05,0,0,1,3,-1
571,France,Male,49,4,180614.04,1,0,0,523.0,0,0,1,2,-1
576,France,Female,55,6,44582.07,3,0,1,67539.85,1,0,0,1,-1
696,Germany,Female,66,7,119499.42,2,1,1,174027.3,0,1,0,0,-1
532,France,Male,60,5,76705.87,2,0,1,13889.73,0,0,1,0,-1
611,France,Male,68,5,82547.11,2,1,1,146448.01,0,0,1,0,-1
569,Spain,Female,51,3,0.0,3,1,0,75084.96,1,2,0,1,-1
478,Spain,Male,48,0,83287.05,2,0,1,44147.95,1,2,1,0,-1
755,Germany,Male,43,6,165048.5,3,1,0,16929.41,1,1,1,3,-1
818,Germany,Female,72,8,135290.42,2,1,1,63729.72,0,1,0,0,-1
624,France,Female,71,4,170252.05,3,1,1,73679.59,1,0,0,0,-1
580,Germany,Male,76,2,130334.84,2,1,1,51672.08,0,1,1,0,-1
527,Spain,Male,53,8,0.0,1,1,1,51711.57,0,2,1,1,-1
698,Spain,Female,63,5,0.0,1,1,1,173576.71,0,2,0,1,-1
649,Germany,Male,24,7,101195.23,1,0,0,133091.32,0,1,1,2,-1
763,France,Male,67,1,149436.73,2,0,1,106282.74,0,0,1,0,-1
665,Spain,Female,32,10,0.0,1,1,1,22487.45,0,2,0,1,-1
805,Germany,Male,56,6,151802.29,1,1,0,46791.09,1,1,1,3,-1
640,France,Female,67,3,0.0,1,0,1,42964.63,0,0,0,1,-1
754,Spain,Female,50,7,146777.44,2,0,1,150685.52,0,2,0,0,-1
650,Spain,Male,24,8,108881.73,1,1,0,104492.83,0,2,1,2,-1
831,Spain,Female,44,10,0.0,1,0,1,47729.33,0,2,0,1,-1
588,Germany,Male,49,6,132623.76,3,1,0,36292.94,1,1,1,2,-1
796,Spain,Female,23,3,146584.19,2,0,0,125445.8,0,2,0,2,-1
553,Spain,Male,38,1,181110.13,2,1,0,184544.59,0,2,1,2,-1
681,Spain,Female,57,2,173306.13,1,0,1,131964.66,0,2,0,0,-1
826,France,Female,49,0,0.0,1,0,0,178709.98,1,0,0,1,-1
430,Germany,Female,66,6,135392.31,2,1,1,172852.06,1,1,0,0,-1
806,France,Female,67,1,0.0,2,0,1,103945.58,0,0,0,1,-1
612,Spain,Female,63,2,131629.17,2,1,0,122109.58,1,2,0,2,-1
529,France,Male,46,8,0.0,1,0,0,126511.94,1,0,1,1,-1
515,Germany,Male,45,7,120961.5,3,1,1,39288.11,1,1,1,0,-1
640,Germany,Male,23,3,72012.76,1,1,0,161333.13,0,1,1,0,-1
616,Germany,Female,28,10,105173.99,1,0,1,29835.37,1,1,0,0,-1
736,France,Female,42,7,117280.23,3,0,0,41921.06,1,0,0,2,-1
799,France,Male,70,8,70416.75,1,1,1,36483.52,0,0,1,0,-1
573,Spain,Female,72,8,98765.84,1,1,1,96015.53,0,2,0,0,-1
657,France,Male,33,1,84309.57,2,0,0,103914.4,0,0,1,1,-1
520,Spain,Female,30,4,145222.99,2,0,0,145160.96,0,2,0,2,-1
484,Germany,Female,55,8,149349.58,3,0,0,137519.92,1,1,0,2,-1
679,France,Male,41,8,147726.98,3,1,0,172749.4,1,0,1,2,-1
581,France,Male,54,4,89299.81,1,0,0,5558.47,1,0,1,0,-1
799,Germany,Male,31,9,154586.92,1,0,1,88604.89,1,1,1,3,-1
751,Spain,Female,34,8,127095.14,2,0,0,479.54,0,2,0,2,-1
777,Germany,Female,46,0,107362.8,1,1,0,487.3,0,1,0,2,-1
697,Spain,Male,62,7,0.0,1,1,0,129188.18,1,2,1,1,-1
664,Spain,Male,44,7,77526.66,3,0,0,57338.56,1,2,1,1,-1
605,Spain,Female,57,2,0.0,3,1,0,66652.75,1,2,0,1,-1
747,France,Female,47,5,139914.6,4,0,1,129964.56,1,0,0,1,-1
773,France,Female,41,7,190238.93,1,1,1,57549.65,0,0,0,3,-1
726,France,Female,53,1,113537.73,1,0,1,28367.21,0,0,0,0,-1
434,Spain,Male,33,3,0.0,1,1,1,2739.71,0,2,1,1,-1
762,Spain,Female,60,10,168920.75,1,1,0,31445.03,1,2,0,3,-1
606,Germany,Female,27,6,172310.33,1,0,1,111448.92,0,1,0,0,-1
620,France,Male,28,9,71902.52,1,0,1,190208.23,0,0,1,0,-1
491,France,Female,72,6,91285.22,1,1,1,7032.95,0,0,0,0,-1
547,Spain,Female,22,7,141287.15,1,1,0,118142.79,0,2,0,2,-1
627,France,Female,41,6,0.0,3,1,1,138700.75,1,0,0,1,-1
607,France,Female,39,10,0.0,3,1,0,132741.13,1,0,0,1,-1
850,Germany,Male,56,1,169743.83,1,0,0,155850.4,1,1,1,3,-1
616,France,Male,18,6,0.0,2,1,1,27308.58,0,0,1,1,-1
499,Spain,Female,42,0,147187.84,1,1,1,14868.94,1,2,0,0,-1
850,Spain,Male,54,7,108185.81,2,0,0,24093.4,1,2,1,2,-1
596,France,Male,21,4,210433.08,2,0,1,197297.77,1,0,1,0,-1
644,Spain,Male,54,6,0.0,1,0,1,84622.37,0,2,1,1,-1
598,Spain,Female,35,8,0.0,3,0,1,88658.73,0,2,0,1,-1
850,Germany,Female,36,3,169025.83,1,1,0,174235.06,0,1,0,3,-1
850,France,Male,30,10,153972.89,2,1,0,62811.03,0,0,1,3,-1
639,France,Male,77,6,80926.02,2,1,1,55829.25,0,0,1,0,-1
596,Spain,Male,20,3,187294.46,1,1,0,103456.47,0,2,1,2,-1
596,Spain,Male,67,6,0.0,2,1,1,138350.74,0,2,1,1,-1
519,France,Female,22,8,0.0,1,0,1,167553.06,0,0,0,1,-1
603,Spain,Female,56,5,90778.76,2,1,0,162223.67,1,2,0,1,-1
796,Spain,Male,56,6,94231.13,1,0,0,121164.6,1,2,1,0,-1
489,Spain,Male,58,4,0.0,2,1,1,191419.32,0,2,1,1,-1
850,Germany,Female,31,4,164672.66,1,0,1,61936.1,0,1,0,3,-1
753,Germany,Female,38,9,151766.71,1,1,1,180829.99,0,1,0,3,-1
610,Spain,Female,50,5,130554.51,3,1,0,184758.17,1,2,0,2,-1
646,Germany,Female,57,6,90212.0,1,1,0,13911.27,1,1,0,0,-1
528,France,Female,32,4,85615.66,2,1,0,156192.43,0,0,0,1,-1
778,Germany,Female,35,1,151958.19,3,1,1,131238.37,1,1,0,3,-1
790,Spain,Male,20,8,0.0,2,1,0,168152.76,0,2,1,1,-1
665,Germany,Female,43,2,116322.27,4,1,0,35640.12,1,1,0,2,-1
448,France,Female,36,6,83947.12,2,1,0,81999.53,0,0,0,1,-1
490,Spain,Male,40,6,156111.08,1,0,0,190889.13,0,2,1,2,-1
682,France,Male,28,10,200724.96,1,0,1,82872.64,1,0,1,0,-1
610,France,Male,41,6,0.0,3,0,0,56118.81,1,0,1,1,-1
814,Spain,Female,72,2,0.0,2,0,1,130853.03,0,2,0,1,-1
850,France,Female,81,1,0.0,2,1,1,59568.24,0,0,0,1,-1
760,Spain,Female,33,1,118114.28,2,0,1,156660.21,0,2,0,0,-1
630,Germany,Female,51,0,108449.23,3,0,0,88372.69,1,1,0,2,-1
584,Germany,Female,62,9,137727.34,2,0,1,121102.9,0,1,0,0,-1
706,Spain,Male,30,6,87609.68,2,0,0,137674.55,1,2,1,1,-1
738,Spain,Male,49,3,0.0,3,1,1,65066.48,1,2,1,1,-1
622,Spain,Female,36,0,108960.0,2,1,0,111180.3,1,2,0,2,-1
708,France,Male,52,10,105355.81,1,1,0,123.07,1,0,1,2,-1
629,France,Male,44,5,0.0,4,0,0,117572.59,1,0,1,1,-1
422,Spain,Female,54,4,0.0,2,1,1,7166.71,0,2,0,1,-1
697,France,Male,32,7,175464.85,3,1,0,116442.42,1,0,1,2,-1
718,France,Male,52,8,79475.3,3,1,1,32421.32,1,0,1,1,-1
676,Spain,Male,27,4,0.0,1,0,1,107955.67,0,2,1,1,-1
797,Germany,Female,33,10,83555.58,1,0,0,69767.14,0,1,0,0,-1
828,Spain,Male,42,10,0.0,1,1,1,186071.14,0,2,1,1,-1
619,Germany,Female,42,8,132796.04,3,1,1,191821.35,1,1,0,0,-1
794,Spain,Female,30,1,154970.54,1,0,1,156768.45,0,2,0,3,-1
418,France,Male,28,7,98738.92,1,1,0,122190.22,0,0,1,0,-1
430,France,Female,60,7,73937.02,1,1,0,161937.62,1,0,0,0,-1
828,France,Male,31,9,0.0,1,0,1,164257.37,0,0,1,1,-1
680,Germany,Female,31,3,127331.46,3,1,1,176433.6,0,1,0,0,-1
728,France,Female,69,1,0.0,2,1,1,131804.86,0,0,0,1,-1
822,Germany,Female,46,3,115074.02,2,1,0,26249.86,0,1,0,2,-1
850,France,Male,28,8,99986.98,1,1,0,196582.55,0,0,1,0,-1
723,Germany,Female,68,3,110357.0,1,0,0,141977.54,1,1,0,2,-1
790,Germany,Female,34,2,164011.48,1,1,0,199420.41,0,1,0,3,-1
431,Germany,Male,45,5,83624.55,2,0,0,36899.62,0,1,1,1,-1
704,France,Male,24,2,148197.15,2,1,0,182775.08,0,0,1,2,-1
706,Spain,Female,53,3,0.0,3,0,0,88479.02,1,2,0,1,-1
405,France,Male,39,10,0.0,1,1,0,160810.85,1,0,1,1,-1
754,France,Male,61,5,146622.35,1,1,1,41815.22,1,0,1,0,-1
634,Germany,Male,74,5,108891.7,1,1,0,10078.02,0,1,1,2,-1
723,Germany,Female,47,10,90450.0,2,0,0,103379.31,1,1,0,1,-1
592,France,Male,60,9,0.0,4,1,1,13614.01,1,0,1,1,-1
848,Spain,Male,35,5,120046.74,2,1,0,84710.65,0,2,1,2,-1
598,Spain,Female,64,1,62979.93,1,1,1,152273.57,0,2,0,0,-1
793,France,Male,56,8,119496.25,2,1,0,29880.99,0,0,1,2,-1
517,France,Male,62,1,43772.66,3,1,0,187756.24,1,0,1,1,-1
740,France,Female,60,5,108028.08,2,0,0,25980.42,1,0,0,2,-1
666,Germany,Male,71,1,53013.29,2,1,1,112222.64,0,1,1,1,-1
684,Germany,Male,18,9,90544.0,1,0,1,4777.23,0,1,1,0,-1
842,France,Male,44,3,141252.18,4,0,1,128521.16,1,0,1,1,-1
850,France,Female,35,2,128548.49,4,1,0,75478.95,1,0,0,2,-1
820,Spain,Female,31,2,94222.53,1,1,0,103570.8,0,2,0,0,-1
665,Spain,Female,51,8,0.0,1,1,1,38928.48,1,2,0,1,-1
441,France,Male,60,1,140614.15,1,0,1,174381.23,0,0,1,0,-1
601,Spain,Female,20,9,122446.61,2,1,0,86791.9,0,2,0,2,-1
766,France,Female,27,7,158786.67,2,0,1,47579.25,0,0,0,3,-1
850,Germany,Male,29,1,154640.41,1,1,1,164039.51,0,1,1,3,-1
636,Germany,Male,67,7,136709.35,1,0,1,66753.1,1,1,1,0,-1
850,Germany,Male,43,5,129305.09,2,0,1,19244.58,0,1,1,0,-1
736,France,Female,63,10,0.0,2,0,1,502.7,0,0,0,1,-1
711,France,Female,21,0,82844.33,2,0,1,1408.68,0,0,0,0,-1
583,Spain,Female,22,2,0.0,2,0,1,5985.36,0,2,0,1,-1
749,Germany,Female,33,10,76692.22,1,0,1,30396.43,0,1,0,0,-1
586,Spain,Female,33,10,66948.67,2,1,1,140759.03,0,2,0,1,-1
551,Spain,Male,76,2,128410.71,2,1,1,181718.73,0,2,1,0,-1
606,Germany,Male,38,3,99897.53,1,0,0,37054.65,0,1,1,0,-1
458,Germany,Male,44,7,84386.57,1,1,0,178642.73,0,1,1,0,-1
684,Germany,Male,59,9,122471.09,1,0,1,15807.07,0,1,1,0,-1
677,France,Male,58,9,0.0,1,0,1,168650.4,0,0,1,1,-1
703,France,Male,56,9,0.0,1,0,0,85547.33,1,0,1,1,-1
850,Spain,Male,48,2,0.0,1,1,0,169425.3,1,2,1,1,-1
850,France,Male,27,6,96654.72,2,0,0,152740.16,0,0,1,1,-1
644,Germany,Male,35,5,161591.11,3,1,1,63795.62,0,1,1,0,-1
494,Spain,Female,41,2,69974.66,2,1,0,188426.13,1,2,0,1,-1
850,Germany,Female,45,1,121874.89,1,0,0,6865.41,1,1,0,2,-1
792,France,Female,42,0,99045.93,2,1,0,47160.01,0,0,0,1,-1
635,France,Female,72,4,74812.84,1,0,1,27448.33,0,0,0,0,-1
613,Spain,Male,37,3,171653.17,1,0,1,5353.12,0,2,1,0,-1
620,France,Male,61,5,0.0,1,0,0,31641.52,1,0,1,1,-1
695,Spain,Male,56,1,0.0,3,1,0,187734.49,1,2,1,1,-1
807,France,Male,47,1,95120.59,1,0,0,127875.1,0,0,1,0,-1
782,France,Female,70,7,97072.42,1,0,1,131177.22,0,0,0,0,-1
781,Spain,Female,29,6,98759.89,1,0,0,112202.64,0,2,0,0,-1
850,France,Male,81,5,0.0,2,1,1,44827.47,0,0,1,1,-1
809,France,Female,38,2,154763.21,2,1,1,174800.31,0,0,0,3,-1
564,Germany,Female,30,0,100954.88,2,0,0,134175.15,0,1,0,2,-1
497,Spain,Male,27,7,149400.27,1,0,0,167522.19,0,2,1,2,-1
516,France,Male,51,8,120124.35,2,0,1,168773.54,0,0,1,0,-1
519,Germany,Female,21,1,151701.45,3,1,1,170138.68,1,1,0,0,-1
465,Germany,Male,24,6,156007.09,1,1,0,191368.37,0,1,1,2,-1
829,Germany,Male,28,3,132405.52,3,1,0,104889.2,1,1,1,2,-1
683,France,Female,73,8,137732.23,2,1,1,133210.44,0,0,0,0,-1
850,France,Female,46,2,157866.77,1,1,1,18986.12,0,0,0,3,-1
684,Spain,Male,39,4,207034.96,2,0,0,157694.76,1,2,1,2,-1
671,Spain,Male,50,8,0.0,1,0,1,2560.11,0,2,1,1,-1
698,Spain,Female,50,1,0.0,4,1,0,88566.9,1,2,0,1,-1
835,France,Male,23,9,0.0,1,1,0,19793.73,1,0,1,1,-1
811,France,Female,47,3,123365.34,2,0,0,171995.34,0,0,0,2,-1
652,France,Female,31,3,103696.97,3,0,0,155221.05,1,0,0,2,-1
484,France,Female,50,2,90408.16,2,0,0,48170.57,0,0,0,1,-1
609,France,Male,48,1,108019.27,3,1,1,184524.65,1,0,1,1,-1
850,France,Male,58,8,156652.13,1,0,0,25899.21,1,0,1,3,-1
732,France,Female,36,9,0.0,1,0,0,3749.0,1,0,0,1,-1
794,France,Male,33,0,0.0,2,0,0,178122.71,0,0,1,1,-1
614,Spain,Male,66,2,0.0,2,0,1,180082.7,0,2,1,1,-1
770,France,Female,68,2,183555.24,1,0,0,159557.28,1,0,0,3,-1
581,Germany,Female,43,5,93259.57,3,1,0,141035.65,1,1,0,1,-1
479,Germany,Male,51,1,107714.74,3,1,0,86128.21,1,1,1,2,-1
659,Spain,Male,60,2,0.0,1,1,0,177480.45,1,2,1,1,-1
590,Spain,Female,51,10,84474.62,2,1,1,190937.09,0,2,0,0,-1
704,France,Male,31,5,132084.66,3,1,1,54474.48,1,0,1,0,-1
791,Germany,Female,33,10,130229.71,2,0,0,54019.93,1,1,0,2,-1
486,Spain,Male,24,1,0.0,1,1,0,98802.76,0,2,1,1,-1
850,France,Female,37,9,0.0,1,0,0,100101.06,0,0,0,1,-1
606,Spain,Female,25,3,147386.72,3,1,0,45482.04,1,2,0,2,-1
367,Spain,Male,42,6,93608.28,1,1,0,168816.73,1,2,1,0,-1
434,Germany,Male,71,9,119496.87,1,1,0,125848.88,0,1,1,2,-1
719,Spain,Female,32,7,0.0,1,0,0,76264.27,0,2,0,1,-1
790,Germany,Female,25,5,152885.77,1,1,0,58214.79,0,1,0,3,-1
496,Spain,Female,44,0,179356.28,2,1,0,2919.21,1,2,0,2,-1
757,Germany,Male,31,1,127320.36,3,1,0,163170.32,0,1,1,2,-1
561,France,Female,22,6,186788.96,2,1,0,73286.8,0,0,0,2,-1
610,France,Female,27,9,159561.93,1,0,1,103381.47,0,0,0,0,-1
718,Spain,Female,49,10,82321.88,1,0,1,11144.4,0,2,0,0,-1
477,Germany,Female,39,4,182491.57,1,1,0,185830.72,0,1,0,2,-1
566,Spain,Male,63,2,120787.18,2,1,1,52198.84,0,2,1,0,-1
687,France,Female,61,7,80538.56,1,1,0,131305.37,1,0,0,0,-1
605,Germany,Male,75,2,61319.63,1,0,1,186655.11,0,1,1,0,-1
443,Germany,Male,59,4,110939.3,1,1,0,72846.58,1,1,1,2,-1
670,Spain,Female,57,3,175575.95,2,1,0,99061.75,1,2,0,2,-1
758,Germany,Male,32,4,162657.64,2,1,1,115525.13,0,1,1,3,-1
582,Spain,Male,25,9,148042.97,2,1,0,52341.15,0,2,1,2,-1
750,France,Male,36,7,136492.92,3,1,1,26500.29,1,0,1,0,-1
671,Spain,Male,58,1,178713.98,1,1,1,21768.21,0,2,1,0,-1
640,Germany,Female,30,5,32197.64,1,0,1,141446.01,0,1,0,1,-1
753,Germany,Male,32,5,159904.79,1,1,0,148811.14,0,1,1,3,-1
675,France,Male,32,1,0.0,3,1,0,85901.09,0,0,1,1,-1
580,Spain,Male,32,9,142188.2,2,0,1,128028.6,0,2,1,0,-1
706,Spain,Male,53,7,0.0,2,0,1,117939.17,0,2,1,1,-1
747,France,Female,21,4,81025.6,2,1,0,167682.57,0,0,0,1,-1
609,France,Male,25,10,0.0,1,0,1,109895.16,0,0,1,1,-1
632,Spain,Male,28,7,155519.59,1,1,0,1843.24,0,2,1,2,-1
850,France,Female,34,9,92899.27,2,1,0,97465.89,0,0,0,1,-1
644,Germany,Female,51,4,95560.04,1,0,0,72628.84,1,1,0,0,-1
598,Germany,Female,50,5,88379.81,3,0,1,64157.24,1,1,0,1,-1
675,France,Male,69,1,0.0,2,1,0,157097.09,0,0,1,1,-1
746,France,Male,58,3,0.0,3,1,1,80344.96,1,0,1,1,-1
491,France,Female,36,0,53369.13,1,1,1,103934.12,0,0,0,0,-1
786,Germany,Female,33,0,122325.58,1,0,0,34712.34,1,1,0,2,-1
520,Germany,Male,43,3,150805.17,3,0,1,25333.03,1,1,1,0,-1
695,Spain,Male,32,9,0.0,3,0,1,38533.79,0,2,1,1,-1
807,Spain,Female,28,7,165969.26,3,1,0,156122.13,1,2,0,3,-1
642,Germany,Female,36,2,124495.98,3,1,1,57904.22,1,1,0,0,-1
657,Spain,Female,22,6,0.0,3,0,1,168412.07,1,2,0,1,-1
690,France,Female,35,9,107944.33,2,0,0,48478.47,0,0,0,2,-1
446,Spain,Female,45,10,125191.69,1,1,1,128260.86,1,2,0,0,-1
850,France,Male,31,1,96399.31,2,1,0,106534.15,0,0,1,1,-1
499,France,Male,60,7,76961.6,2,1,1,83643.87,0,0,1,0,-1
850,Germany,Male,44,2,112755.34,2,0,0,158171.36,0,1,1,2,-1
628,Spain,Female,55,7,0.0,3,1,0,85890.75,1,2,0,1,-1
434,Spain,Male,55,6,0.0,1,0,1,73562.05,1,2,1,1,-1
493,France,Female,36,5,148667.81,2,1,0,56092.51,0,0,0,2,-1
605,France,Female,62,4,111065.93,2,0,1,125660.99,0,0,0,0,-1
660,France,Female,48,0,90044.32,2,0,1,187604.97,1,0,0,0,-1
607,France,Female,48,4,112070.86,3,1,0,173568.3,1,0,0,2,-1
699,France,Male,22,9,99339.0,1,1,0,68297.61,1,0,1,0,-1
719,Spain,Male,44,4,0.0,1,0,0,84972.9,1,2,1,1,-1
781,France,Male,29,9,0.0,2,0,0,172097.4,0,0,1,1,-1
575,Spain,Female,22,8,105229.34,1,1,1,34397.08,0,2,0,0,-1
744,Spain,Female,46,1,0.0,3,1,1,177431.59,1,2,0,1,-1
850,France,Female,71,4,0.0,2,1,1,107236.87,0,0,0,1,-1
650,Germany,Female,28,5,122034.4,3,0,1,146663.43,1,1,0,1,-1
678,Spain,Female,27,5,87099.85,2,1,0,149550.95,0,2,0,1,-1
720,France,Male,71,5,183135.39,2,1,1,197688.5,0,0,1,0,-1
525,France,Male,51,10,0.0,3,1,0,171045.35,1,0,1,1,-1
802,France,Female,60,3,92887.06,1,1,0,39473.63,1,0,0,0,-1
592,Germany,Female,70,5,71816.74,2,1,0,105096.82,1,1,0,1,-1
753,Germany,Female,46,9,113909.69,3,1,0,92320.37,1,1,0,2,-1
688,France,Male,20,8,137624.4,2,1,1,197582.79,0,0,1,0,-1
644,Spain,Male,18,8,0.0,2,1,0,59172.42,0,2,1,1,-1
723,Spain,Male,30,1,0.0,3,1,0,164647.72,1,2,1,1,-1
513,Germany,Male,34,7,60515.13,1,0,0,124571.09,0,1,1,1,-1
689,Germany,Male,47,2,118812.5,2,0,0,31121.42,0,1,1,2,-1
687,Germany,Female,47,1,91219.29,1,0,0,158845.49,1,1,0,0,-1
468,France,Female,22,1,76318.64,1,1,1,194783.12,0,0,0,0,-1
682,Spain,Female,58,4,0.0,1,1,0,176036.01,0,2,0,1,-1
697,France,Male,63,7,148368.02,1,0,0,118862.08,1,0,1,2,-1
519,France,Male,48,10,71083.98,1,1,0,137959.0,0,0,1,0,-1
615,France,Male,64,0,81564.1,2,0,1,35896.09,0,0,1,0,-1
755,France,Female,28,7,124540.28,1,0,1,188850.89,0,0,0,0,-1
751,France,Female,37,9,183613.66,2,0,0,49734.94,0,0,0,3,-1
712,Spain,Female,29,7,77919.78,1,1,0,122547.58,0,2,0,0,-1
771,France,Female,41,10,108309.0,4,1,1,137510.41,1,0,0,1,-1
678,Spain,Female,39,6,0.0,1,0,1,185366.56,0,2,0,1,-1
602,Germany,Male,38,2,71667.97,2,0,0,137111.89,0,1,1,1,-1
797,Germany,Male,32,1,151922.94,1,1,0,8877.06,0,1,1,3,-1
754,Spain,Male,40,2,160625.17,1,0,1,3554.63,0,2,1,3,-1
636,France,Female,20,10,124266.86,1,0,0,100566.81,0,0,0,2,-1
532,Spain,Female,37,5,0.0,2,0,1,6761.84,0,2,0,1,-1
542,Germany,Female,35,9,127543.11,2,1,0,468.94,1,1,0,2,-1
518,France,Female,28,9,85146.36,1,0,0,2803.89,0,0,0,0,-1
697,France,Female,49,7,195238.29,4,0,1,131083.56,1,0,0,0,-1
667,Germany,Female,42,10,64404.26,2,0,0,26022.37,0,1,0,1,-1
542,France,Male,67,10,129431.36,1,0,1,21343.74,0,0,1,0,-1
709,Germany,Male,23,8,73314.04,2,1,0,63446.47,0,1,1,1,-1
541,France,Male,37,9,212314.03,1,0,1,148814.54,0,0,1,0,-1
784,Spain,Female,42,2,109052.04,2,1,0,6409.55,0,2,0,2,-1
850,Spain,Female,55,7,0.0,1,0,0,171762.87,1,2,0,1,-1
516,Spain,Female,65,9,102541.1,1,1,0,181490.42,0,2,0,2,-1
621,France,Male,35,7,87619.29,1,1,0,143.34,0,0,1,0,-1
350,France,Male,51,10,0.0,1,1,1,125823.79,1,0,1,1,-1
749,Spain,Male,42,9,222267.63,1,0,0,101108.85,1,2,1,2,-1
450,Spain,Male,25,9,74237.2,2,0,1,195463.35,0,2,1,1,-1
634,Spain,Male,63,10,0.0,2,1,0,30772.86,1,2,1,1,-1
350,France,Female,60,3,0.0,1,0,0,113796.15,1,0,0,1,-1
727,France,Male,61,0,128213.96,2,1,1,188729.08,1,0,1,0,-1
649,Spain,Female,36,6,86607.39,1,0,0,19825.09,0,2,0,0,-1
761,Germany,Male,62,5,98854.34,1,0,0,86920.97,1,1,1,0,-1
603,Spain,Male,24,1,165149.13,2,1,0,21858.28,0,2,1,2,-1
438,France,Male,60,7,78391.17,1,0,1,49424.6,0,0,1,0,-1
741,Germany,Female,19,8,108711.57,2,1,0,24857.25,0,1,0,2,-1
689,Spain,Male,73,1,108555.07,1,0,1,167969.15,0,2,1,0,-1
416,Spain,Male,35,8,0.0,1,0,0,119712.78,0,2,1,1,-1
706,Spain,Female,29,1,209490.21,1,1,1,133267.69,1,2,0,0,-1
651,Spain,Male,38,2,0.0,3,1,0,67029.82,1,2,1,1,-1
797,France,Male,45,8,0.0,1,0,0,125110.02,0,0,1,1,-1
586,France,Female,60,3,47020.65,2,0,1,63241.21,1,0,0,1,-1
674,France,Female,21,9,120150.39,2,1,1,33964.03,0,0,0,0,-1
412,France,Male,29,5,0.0,2,0,0,12510.53,0,0,1,1,-1
500,Spain,Female,50,5,0.0,4,1,1,83866.35,1,2,0,1,-1
813,Germany,Male,59,2,135078.41,1,1,0,187636.06,1,1,1,2,-1
669,France,Female,41,0,150219.41,2,0,0,107839.03,0,0,0,2,-1
812,Spain,Female,24,1,92476.88,1,0,0,83247.14,0,2,0,0,-1
686,Germany,Female,38,2,93569.86,3,0,0,10137.34,1,1,0,1,-1
435,Germany,Male,37,8,114346.3,1,0,1,980.93,1,1,1,0,-1
534,Spain,Male,34,5,170600.78,1,0,1,5240.53,0,2,1,0,-1
485,France,Female,39,2,75339.64,1,1,1,70665.16,0,0,0,0,-1
613,Spain,Female,32,0,0.0,2,0,1,126675.62,0,2,0,1,-1
625,Germany,Female,55,8,118772.71,4,0,0,135853.62,1,1,0,2,-1
724,France,Female,69,5,117866.92,1,1,1,62280.91,0,0,0,0,-1
678,France,Female,55,5,0.0,1,0,1,196794.11,1,0,0,1,-1
631,France,Male,32,10,0.0,2,0,1,196342.66,0,0,1,1,-1
567,France,Male,54,9,96402.96,1,0,0,52035.29,1,0,1,0,-1
551,Spain,Male,49,1,150777.72,2,1,1,135757.27,0,2,1,0,-1
711,Spain,Male,42,3,177626.77,3,0,1,16392.72,1,2,1,0,-1
518,Spain,Male,50,4,0.0,1,0,0,107112.25,1,2,1,1,-1
741,France,Male,52,1,171236.3,2,0,0,21834.4,1,0,1,2,-1
737,Germany,Male,43,8,96353.8,1,0,0,10209.8,0,1,1,0,-1
504,France,Female,32,8,206663.75,1,0,0,16281.94,0,0,0,2,-1
760,Spain,Male,43,6,175735.5,1,1,1,157337.29,0,2,1,3,-1
766,Spain,Male,36,5,78381.13,1,0,1,153831.6,0,2,1,0,-1
661,Spain,Male,20,8,0.0,1,1,0,110252.53,0,2,1,1,-1
751,Germany,Male,54,9,156367.6,2,0,1,116179.92,0,1,1,3,-1
645,Germany,Female,59,8,121669.93,2,0,0,91.75,1,1,0,2,-1
663,France,Male,67,9,0.0,3,1,1,72318.77,0,0,1,1,-1
655,Germany,Female,61,2,183997.7,2,1,1,161217.18,0,1,0,0,-1
640,France,Female,47,6,89799.46,2,0,1,13783.77,1,0,0,0,-1
546,Spain,Female,36,7,85660.96,1,0,0,134778.01,0,2,0,0,-1
803,Germany,Female,50,8,98173.02,1,0,0,22457.25,1,1,0,0,-1
560,Spain,Male,47,1,0.0,1,0,0,128882.66,1,2,1,1,-1
667,Germany,Male,33,9,124573.33,2,0,0,683.37,0,1,1,2,-1
688,Germany,Female,34,9,91025.58,2,0,1,163783.0,0,1,0,0,-1
685,France,Female,33,1,0.0,3,0,1,70221.13,1,0,0,1,-1
720,Spain,Male,64,3,45752.78,2,1,0,79623.28,1,2,1,1,-1
468,Spain,Male,26,1,131643.25,1,1,0,64436.16,0,2,1,2,-1
529,France,Male,43,6,93616.35,2,0,0,98348.66,0,0,1,1,-1
516,Spain,Female,27,1,0.0,1,0,1,112311.15,0,2,0,1,-1
711,France,Female,81,6,0.0,2,1,1,72276.24,0,0,0,1,-1
768,France,Female,36,5,180169.44,2,1,0,17348.56,0,0,0,3,-1
595,Germany,Female,32,0,92466.21,1,1,0,4721.3,0,1,0,0,-1
445,Germany,Female,61,2,137655.31,1,0,1,29909.84,0,1,0,0,-1
698,Germany,Male,52,10,107304.39,3,1,0,28806.32,1,1,1,2,-1
681,Spain,Male,33,10,0.0,1,0,0,158336.36,0,2,1,1,-1
735,France,Male,73,9,0.0,1,1,1,114283.33,0,0,1,1,-1
749,Spain,Male,34,2,0.0,1,0,0,174189.04,1,2,1,1,-1
753,Spain,Male,51,4,79811.72,2,0,1,68260.27,1,2,1,0,-1
838,Spain,Female,40,6,61671.19,1,0,1,150659.35,1,2,0,0,-1
775,France,Female,27,4,152309.37,1,1,0,104112.0,0,0,0,3,-1
727,Spain,Female,49,7,96296.78,1,1,0,190457.87,1,2,0,0,-1
578,France,Male,59,10,185966.64,1,0,0,9445.42,1,0,1,2,-1
850,Germany,Female,43,8,92244.83,2,1,0,54949.73,0,1,0,1,-1
507,Germany,Male,36,9,118214.32,3,1,0,119110.03,1,1,1,2,-1
694,France,Male,30,2,0.0,3,0,1,15039.41,0,0,1,1,-1
411,France,Female,54,9,0.0,1,0,1,76621.49,0,0,0,1,-1
693,Spain,Female,34,10,107556.06,2,0,0,154631.35,0,2,0,2,-1
652,Germany,Female,58,3,116353.2,2,0,1,193502.9,0,1,0,0,-1
801,Spain,Male,58,1,79954.61,2,1,1,30484.19,0,2,1,0,-1
544,France,Female,26,6,0.0,1,1,0,100200.4,1,0,0,1,-1
624,Germany,Female,52,0,133723.43,1,0,0,4859.59,1,1,0,2,-1
382,Spain,Male,36,0,0.0,1,1,1,179540.73,1,2,1,1,-1
584,Germany,Female,37,10,134171.8,4,1,1,70927.11,1,1,0,1,-1
618,France,Female,49,9,44301.43,3,1,1,89729.3,1,0,0,1,-1
786,Spain,Male,29,7,80895.44,2,1,0,64945.57,0,2,1,1,-1
787,Spain,Female,39,7,171646.76,1,0,1,100791.36,0,2,0,3,-1
847,Germany,Female,41,3,101543.51,4,1,0,16025.17,1,1,0,2,-1
800,France,Female,40,3,75893.11,2,1,0,132562.23,0,0,0,1,-1
799,Germany,Female,39,7,167395.6,2,0,1,139537.43,0,1,0,3,-1
734,Germany,Female,52,6,71283.09,2,0,1,38984.37,0,1,0,0,-1
414,Spain,Male,60,3,0.0,2,1,1,93844.82,0,2,1,1,-1
560,Spain,Female,33,9,0.0,1,0,1,183358.21,0,2,0,1,-1
633,France,Male,61,3,157201.48,1,0,1,50368.63,0,0,1,0,-1
551,Spain,Female,48,5,95679.29,1,0,0,94978.1,0,2,0,0,-1
461,Germany,Female,74,1,186445.31,2,1,1,196767.83,0,1,0,0,-1
742,Germany,Male,27,5,190125.43,2,0,0,21793.59,0,1,1,2,-1
698,Spain,Female,38,1,171848.38,1,0,0,16957.45,0,2,0,2,-1
678,Germany,Male,83,6,123356.63,1,0,1,92934.41,0,1,1,0,-1
550,Germany,Male,49,0,108806.96,3,1,0,61446.92,1,1,1,2,-1
668,Spain,Female,69,9,0.0,1,0,1,134483.07,0,2,0,1,-1
563,Spain,Male,61,1,82182.1,1,1,0,106826.92,1,2,1,0,-1
644,France,Male,50,9,76817.0,4,1,0,196371.13,1,0,1,1,-1
780,Germany,Male,71,9,142550.25,2,1,1,122506.78,0,1,1,0,-1
605,Germany,Male,19,8,166133.28,1,1,1,107994.99,0,1,1,0,-1
710,Germany,Female,62,9,148214.36,1,1,0,48571.14,1,1,0,2,-1
755,France,Female,78,5,121206.96,1,1,1,76016.49,0,0,0,0,-1
845,Germany,Female,43,3,152063.59,2,1,0,97910.06,0,1,0,3,-1
801,France,Male,43,4,158713.08,2,0,0,98586.14,0,0,1,3,-1
615,Spain,Male,42,4,0.0,3,0,1,120321.09,0,2,1,1,-1
373,France,Male,42,7,0.0,1,1,0,77786.37,1,0,1,1,-1
561,France,Male,43,4,0.0,4,0,0,18522.91,1,0,1,1,-1
709,Spain,Female,35,1,111827.27,2,1,0,12674.68,0,2,0,2,-1
627,France,Male,70,1,94416.78,1,0,1,145299.5,0,0,1,0,-1
846,Spain,Male,61,0,0.0,2,1,1,96202.44,0,2,1,1,-1
766,France,Female,52,7,92510.9,2,0,1,66193.61,0,0,0,0,-1
810,Germany,Male,69,3,27288.43,1,1,1,110509.9,0,1,1,0,-1
419,Spain,Female,27,2,121580.42,1,0,1,134720.51,0,2,0,0,-1
640,France,Male,55,10,132436.34,1,1,0,978.66,0,0,1,2,-1
689,Germany,Female,40,4,78119.59,4,1,0,119259.34,1,1,0,1,-1
499,Spain,Female,53,1,75225.53,2,0,0,144849.1,1,2,0,1,-1
737,France,Female,70,9,87542.89,2,1,1,42576.86,0,0,0,0,-1
523,Spain,Female,24,5,172231.93,1,0,1,155144.12,0,2,0,0,-1
458,Germany,Female,28,2,171932.26,2,1,1,9578.24,0,1,0,0,-1
684,France,Male,38,4,0.0,3,1,0,75609.84,0,0,1,1,-1
701,Germany,Male,63,3,120916.52,3,0,0,144727.45,1,1,1,2,-1
593,Spain,Male,27,10,0.0,3,0,0,94620.0,1,2,1,1,-1
664,France,Male,24,7,0.0,1,0,1,35611.35,0,0,1,1,-1
775,Germany,Female,74,0,161371.5,1,1,1,134869.93,0,1,0,3,-1
813,Germany,Male,30,1,116416.94,1,0,1,85808.22,0,1,1,0,-1
850,Spain,Male,37,4,88141.1,1,1,0,109659.12,0,2,1,0,-1
850,Spain,Female,32,5,0.0,1,1,1,3830.59,0,2,0,1,-1
624,France,Male,80,3,0.0,1,1,1,65801.44,0,0,1,1,-1
522,Germany,Female,25,5,94049.92,2,1,0,103269.0,0,1,0,1,-1
835,Germany,Male,18,2,142872.36,1,1,1,117632.63,0,1,1,0,-1
682,France,Male,69,6,0.0,2,0,1,149604.18,0,0,1,1,-1
727,Germany,Female,18,2,93816.7,2,1,0,126172.11,0,1,0,1,-1
642,Germany,Male,18,5,111183.53,2,0,1,10063.75,0,1,1,0,-1
850,France,Female,40,9,99816.46,1,1,1,163989.66,1,0,0,0,-1
727,Germany,Male,46,3,115248.11,4,1,0,130752.01,1,1,1,2,-1
721,Spain,Male,57,1,0.0,1,1,1,195940.96,0,2,1,1,-1
578,Spain,Male,36,1,157267.95,2,1,0,141533.19,0,2,1,2,-1
779,France,Female,29,3,46388.16,3,1,0,127939.26,1,0,0,1,-1
782,Germany,Female,72,5,148666.99,1,1,0,2605.65,1,1,0,2,-1
686,France,Male,41,5,128876.71,3,1,1,106939.34,1,0,1,0,-1
582,France,Female,38,9,135979.01,4,1,1,76582.95,1,0,0,1,-1
644,Spain,Male,18,7,0.0,1,0,1,59645.24,1,2,1,1,-1
695,Spain,Female,35,7,79858.13,2,1,1,127977.66,0,2,0,0,-1
546,France,Female,20,6,0.0,1,0,1,20508.85,0,0,0,1,-1
719,Germany,Female,76,10,95052.29,1,1,0,176244.87,0,1,0,0,-1
738,France,Female,67,1,130652.52,1,0,1,22762.23,0,0,0,0,-1
634,Germany,Female,59,3,95727.05,1,0,0,97939.4,1,1,0,0,-1
770,France,Male,31,3,155047.56,2,1,1,186064.34,0,0,1,3,-1
455,France,Male,40,1,0.0,3,0,1,129975.34,0,0,1,1,-1
635,France,Male,33,1,0.0,3,0,0,178067.33,1,0,1,1,-1
683,Spain,Male,35,9,61172.04,1,0,0,82951.12,0,2,1,1,-1
350,France,Female,40,0,111098.85,1,1,1,172321.21,1,0,0,0,-1
813,Spain,Male,27,1,137275.36,1,0,1,115733.16,0,2,1,0,-1
648,Germany,Female,40,5,139973.65,1,1,1,667.66,1,1,0,0,-1
850,Spain,Male,71,10,69608.14,1,1,0,97893.4,1,2,1,0,-1
649,Germany,Male,78,4,68345.86,2,1,1,142566.75,0,1,1,0,-1
643,France,Male,62,9,0.0,2,0,0,155870.82,0,0,1,1,-1
472,France,Male,19,9,0.0,2,1,0,3453.4,0,0,1,1,-1
651,Spain,Female,63,8,129968.67,1,1,1,11830.53,0,2,0,0,-1
793,France,Male,63,4,103729.79,2,1,1,80272.06,0,0,1,0,-1
850,France,Male,68,5,169445.4,1,1,1,186335.07,0,0,1,3,-1
846,France,Female,34,10,142388.61,2,0,1,68393.64,1,0,0,0,-1
779,France,Male,49,9,106160.37,1,0,0,116893.87,0,0,1,2,-1
737,Germany,Female,22,10,111543.26,2,0,0,106327.85,0,1,0,2,-1
812,Germany,Male,39,5,115730.71,3,1,1,185599.34,1,1,1,1,-1
757,Spain,Male,30,3,145396.49,1,0,1,198341.15,0,2,1,0,-1
710,Spain,Male,62,3,131078.42,2,1,0,119348.76,1,2,1,2,-1
803,France,Female,40,6,165526.71,1,1,0,12328.08,0,0,0,3,-1
530,France,Female,45,1,0.0,1,0,1,190663.89,1,0,0,1,-1
659,Spain,Male,78,2,151675.65,1,0,1,49978.67,0,2,1,0,-1
710,Spain,Male,22,8,0.0,3,1,0,107292.91,0,2,1,1,-1
798,Germany,Female,29,8,80204.11,2,1,0,70223.22,0,1,0,1,-1
610,Germany,Female,69,5,86038.21,3,0,0,192743.06,1,1,0,1,-1
656,Germany,Male,68,7,153545.11,1,1,1,186574.68,0,1,1,0,-1
806,Germany,Male,36,8,167983.17,2,1,1,106714.28,0,1,1,3,-1
807,Germany,Female,60,1,72948.58,2,1,1,17355.36,0,1,0,0,-1
601,France,Male,40,10,98627.13,2,0,0,77977.69,0,0,1,1,-1
445,France,Male,64,2,136770.67,1,0,1,43678.06,0,0,1,0,-1
455,France,Female,27,5,155879.09,2,0,0,70774.97,0,0,0,2,-1
819,Spain,Female,28,8,168253.21,1,1,1,102799.14,0,2,0,3,-1
642,Germany,Male,22,10,111812.52,2,1,1,183045.46,0,1,1,0,-1
762,Spain,Female,35,3,119349.69,3,1,1,47114.18,1,2,0,0,-1
603,France,Female,39,9,76769.68,1,0,0,48224.72,0,0,0,0,-1
712,Spain,Male,27,10,0.0,1,1,0,94544.88,0,2,1,1,-1
516,France,Female,46,6,62212.29,1,0,1,171681.86,1,0,0,0,-1
576,Spain,Male,26,8,0.0,2,0,1,34101.06,0,2,1,1,-1
775,France,Female,30,10,191091.74,2,1,1,96170.38,0,0,0,3,-1
728,Spain,Female,43,8,128412.61,1,0,1,139024.31,0,2,0,0,-1
637,France,Female,21,10,125712.2,1,0,0,175072.47,0,0,0,2,-1
521,France,Female,77,6,0.0,2,1,1,49054.1,0,0,0,1,-1
684,Germany,Female,56,3,127585.98,3,1,1,80593.49,1,1,0,0,-1
492,Germany,Male,45,9,170295.04,2,0,0,164741.81,0,1,1,2,-1
616,Spain,Female,44,7,193213.02,2,1,1,137392.77,0,2,0,0,-1
678,France,Female,49,3,204510.94,1,0,1,738.88,1,0,0,0,-1
757,Germany,Male,36,1,65349.71,1,0,0,64539.64,0,1,1,0,-1
814,France,Female,31,6,87772.52,1,1,0,188516.45,0,0,0,0,-1
425,Germany,Male,40,9,166776.6,2,0,1,172646.88,0,1,1,0,-1
677,Spain,Male,18,8,134796.87,2,1,1,114858.9,0,2,1,0,-1
609,France,Male,77,1,0.0,1,0,1,18708.76,0,0,1,1,-1
526,Spain,Female,36,5,91132.18,1,0,0,58111.71,0,2,0,0,-1
748,France,Female,20,7,0.0,2,0,0,10792.42,0,0,0,1,-1
702,Spain,Male,44,9,0.0,1,0,0,59207.41,1,2,1,1,-1
627,Germany,Female,33,4,83199.05,1,0,0,159334.93,0,1,0,0,-1
758,France,Male,26,4,155739.76,1,1,0,171552.02,0,0,1,3,-1
774,France,Male,40,9,93017.47,2,1,0,191608.97,0,0,1,1,-1
677,France,Female,58,1,90022.85,1,0,1,2988.28,0,0,0,0,-1
741,Spain,Male,35,6,74371.49,1,0,0,99595.67,0,2,1,0,-1
